chemical,year,match_column,match_file,confidence,comment_column,weights_column,notes
Serum Cotinine (1999 - 2010),A 99-00,LBXCOT,LAB06,Hand Picked,FALSE,,
Serum Cotinine (1999 - 2010),A 03-04,LBXCOT,L06COT_C,Hand Picked,FALSE,,
Serum Cotinine (1999 - 2010),A 05-06,LBXCOT,COT_D,Hand Picked,FALSE,,
Serum Cotinine (1999 - 2010),A 07-08,LBXCOT,COTNAL_E,Hand Picked,FALSE,,
Serum Cotinine (1999 - 2010),A 09-10,LBXCOT,COTNAL_F,Hand Picked,FALSE,,
Serum Cotinine (2011 - 2012),A 11-12,LBXCOT,COTNAL_G,Hand Picked,FALSE,,
Urinary NNAL (4-(methylnitrosamino)-1-(3-pyridyl)-1-butanol) (2007 - 2010),A 07-08,URXNAL,COTNAL_E,Hand Picked,URDNALLC,,
Urinary NNAL (4-(methylnitrosamino)-1-(3-pyridyl)-1-butanol) (2007 - 2010),A 09-10,URXNAL,COTNAL_F,Hand Picked,URDNALLC,,
Urinary NNAL (4-(methylnitrosamino)-1-(3-pyridyl)-1-butanol) (2011 - 2012),A 11-12,URXNAL,COTNAL_G,Hand Picked,URDNALLC,,
Blood Bromodichloromethane (2001 - 2006),A 01-02,LBXVBM,L04VOC_B,5,LBDVBMLC,,
Blood Bromodichloromethane (2001 - 2006),A 03-04,LBXVBM,L04VOC_C,5,LBDVBMLC,,
Blood Bromodichloromethane (2001 - 2006),A 05-06,LBXVBM,VOCWB_D,5,LBDVBMLC,,
Blood Dibromochloromethane (Chlorodibromomethane) (2001 - 2006),A 01-02,LBXVCM,L04VOC_B,5,LBDVCMLC,,
Blood Dibromochloromethane (Chlorodibromomethane) (2001 - 2006),A 03-04,LBXVCM,L04VOC_C,4,LBDVCMLC,,
Blood Dibromochloromethane (Chlorodibromomethane) (2001 - 2006),A 05-06,LBXVCM,VOCWB_D,4,LBDVCMLC,,
Blood Tribromomethane (Bromoform) (2001 - 2006),A 01-02,LBXVBF,L04VOC_B,5,LBDVBFLC,,
Blood Tribromomethane (Bromoform) (2001 - 2006),A 03-04,LBXVBF,L04VOC_C,4,LBDVBFLC,,
Blood Tribromomethane (Bromoform) (2001 - 2006),A 05-06,LBXVBF,VOCWB_D,4,LBDVBFLC,,
Blood Trichloromethane (Chloroform) (2001 - 2006),A 01-02,LBXVCF,L04VOC_B,5,LBDVCFLC,,
Blood Trichloromethane (Chloroform) (2001 - 2006),A 03-04,LBXVCF,L04VOC_C,5,LBDVCFLC,,
Blood Trichloromethane (Chloroform) (2001 - 2006),A 05-06,LBXVCF,VOCWB_D,5,LBDVCFLC,,
Urinary Benzophenone-3 (2003 - 2010),A 03-04,URXBP3,L24EPH_C,5,URDBP3LC,,
Urinary Benzophenone-3 (2003 - 2010),A 05-06,URXBP3,EPH_D,5,URDBP3LC,,
Urinary Benzophenone-3 (2003 - 2010),A 07-08,URXBP3,EPH_E,5,URDBP3LC,,
Urinary Benzophenone-3 (2003 - 2010),A 09-10,URXBP3,EPH_F,5,URDBP3LC,,
Urinary Benzophenone-3 (2011 - 2012),A 11-12,URXBP3,EPH_G,5,URDBP3LC,,
Urinary Bisphenol A (2003 - 2010),A 03-04,URXBPH,L24EPH_C,5,URDBPHLC,,
Urinary Bisphenol A (2003 - 2010),A 05-06,URXBPH,EPH_D,5,URDBPHLC,,
Urinary Bisphenol A (2003 - 2010),A 07-08,URXBPH,EPH_E,5,URDBPHLC,,
Urinary Bisphenol A (2003 - 2010),A 09-10,URXBPH,EPH_F,5,URDBPHLC,,
Urinary Bisphenol A (2011 - 2012),A 11-12,URXBPH,EPH_G,5,URDBPHLC,,
Urinary 4-tert-Octylphenol (2005 - 2010),A 05-06,URX4TO,EPH_D,Hand Picked,URD4TOLC,,
Urinary 4-tert-Octylphenol (2005 - 2010),A 07-08,URX4TO,EPH_E,Hand Picked,URD4TOLC,,
Urinary 4-tert-Octylphenol (2005 - 2010),A 09-10,URX4TO,EPH_F,3,URD4TOLC,,
Urinary Triclosan (2003 - 2010),A 03-04,URDTRS,L24EPH_C,5,URDTRSLC,,
Urinary Triclosan (2003 - 2010),A 05-06,URXTRS,EPH_D,5,URDTRSLC,,
Urinary Triclosan (2003 - 2010),A 07-08,URXTRS,EPH_E,5,URDTRSLC,,
Urinary Triclosan (2003 - 2010),A 09-10,URXTRS,EPH_F,5,URDTRSLC,,
Urinary Triclosan (2011 - 2012),A 11-12,URXTRS,EPH_G,5,URDTRSLC,,
Urinary ortho-Phenylphenol (2003 - 2010),A 03-04,URXOPP,L24PP_C,Hand Picked,FALSE,,
Urinary ortho-Phenylphenol (2003 - 2010),A 05-06,URXOPP,PP_D,Hand Picked,URDOPPLC,,
Urinary ortho-Phenylphenol (2003 - 2010),A 07-08,URXOPP,PP_E,Hand Picked,URDOPPLC,,
Urinary ortho-Phenylphenol (2003 - 2010),A 09-10,URXOPP,PP_F,3,URDOPPLC,,
Urinary Ethylene thiourea (2003 - 2008),A 03-04,URXETU,L26UPP_C,Hand Picked,URDETULC,,
Urinary Ethylene thiourea (2003 - 2008),A 05-06,URXETU,CARB_D,3,URDETULC,,
Urinary Ethylene thiourea (2003 - 2008),A 07-08,URXETU,CARB_E,Hand Picked,URDETULC,,
Urinary Pentachlorophenol (2003 - 2004),A 03-04,URXPCP,L26UPP_C,4,URDPCPLC,,
Urinary Propylene thiourea (2003 - 2008),A 03-04,URXPTU,L26UPP_C,Hand Picked,URDPTULC,,
Urinary Propylene thiourea (2003 - 2008),A 05-06,URXPTU,CARB_D,Hand Picked,URDPTULC,,
Urinary Propylene thiourea (2003 - 2008),A 07-08,URXPTU,CARB_E,Hand Picked,URDPTULC,,
"Urinary 2,4-Dichlorophenoxyacetic acid (1999 - 2010)",A 99-00,URX24D,LAB26PP,Hand Picked,URD24DLC,,
"Urinary 2,4-Dichlorophenoxyacetic acid (1999 - 2010)",A 01-02,URX24D,L26PP_B,4,URD24DLC,,
"Urinary 2,4-Dichlorophenoxyacetic acid (1999 - 2010)",A 03-04,URX24D,L26UPP_C,5,URD24DLC,,
"Urinary 2,4-Dichlorophenoxyacetic acid (1999 - 2010)",A 07-08,URX24D,UPHOPM_E,4,URD24DLC,,
"Urinary 2,4-Dichlorophenoxyacetic acid (1999 - 2010)",A 09-10,URX24D,UPHOPM_F,5,URD24DLC,,
"Urinary 2,4,5-Trichlorophenoxyacetic acid (1999 - 2010)",A 99-00,URX25T,LAB26PP,Hand Picked,URD25TLC,,
"Urinary 2,4,5-Trichlorophenoxyacetic acid (1999 - 2010)",A 01-02,,,Can't Find,,,
"Urinary 2,4,5-Trichlorophenoxyacetic acid (1999 - 2010)",A 03-04,URX25T,L26UPP_C,Hand Picked,URD25TLC,,
"Urinary 2,4,5-Trichlorophenoxyacetic acid (1999 - 2010)",A 07-08,URX25T,UPHOPM_E,Hand Picked,URD25TLC,,
"Urinary 2,4,5-Trichlorophenoxyacetic acid (1999 - 2010)",A 09-10,URX25T,UPHOPM_F,Hand Picked,URD25TLC,,
Urinary Bensulfuron-methyl (2003 - 2008),A 03-04,URXBSM,L26UPP_C,Hand Picked,URDBSMLC,,
Urinary Bensulfuron-methyl (2003 - 2008),A 05-06,URXBSM,UPP_D,Hand Picked,URDBSMLC,,
Urinary Bensulfuron-methyl (2003 - 2008),A 07-08,URXBSM,UPP_E,Hand Picked,URDBSMLC,,
Urinary Chlorsulfuron (2003 - 2008),A 03-04,URXCHS,L26UPP_C,Hand Picked,URDCHSLC,,
Urinary Chlorsulfuron (2003 - 2008),A 05-06,URXCHS,UPP_D,Hand Picked,URDCHSLC,,
Urinary Chlorsulfuron (2003 - 2008),A 07-08,URXCHS,UPP_E,Hand Picked,URDCHSLC,,
Urinary Ethametsulfuron-methyl (2003 - 2008),A 03-04,URXEMM,L26UPP_C,Hand Picked,URDEMMLC,,
Urinary Ethametsulfuron-methyl (2003 - 2008),A 05-06,URXEMM,UPP_D,Hand Picked,URDEMMLC,,
Urinary Ethametsulfuron-methyl (2003 - 2008),A 07-08,URXEMM,UPP_E,Hand Picked,URDEMMLC,,
Urinary Foramsulfuron (2003 - 2008),A 03-04,URXFRM,L26UPP_C,Hand Picked,URDFRMLC,,
Urinary Foramsulfuron (2003 - 2008),A 05-06,URXFRM,UPP_D,Hand Picked,URDFRMLC,,
Urinary Foramsulfuron (2003 - 2008),A 07-08,URXFRM,UPP_E,Hand Picked,URDFRMLC,,
Urinary Halosulfuron (2003 - 2008),A 03-04,URXHLS,L26UPP_C,Hand Picked,URDHLSLC,,
Urinary Halosulfuron (2003 - 2008),A 05-06,URXHLS,UPP_D,Hand Picked,URDHLSLC,,
Urinary Halosulfuron (2003 - 2008),A 07-08,URXHLS,UPP_E,Hand Picked,URDHLSLC,,
Urinary Mesosulfuron-methyl (2003 - 2008),A 03-04,URXMSM,L26UPP_C,Hand Picked,URDMSMLC,,
Urinary Mesosulfuron-methyl (2003 - 2008),A 05-06,URXMSM,UPP_D,Hand Picked,URDMSMLC,,
Urinary Mesosulfuron-methyl (2003 - 2008),A 07-08,URXMSM,UPP_E,Hand Picked,URDMSMLC,,
Urinary Metsulfuron-methyl (2003 - 2008),A 03-04,URXMTM,L26UPP_C,Hand Picked,URDMTMLC,,
Urinary Metsulfuron-methyl (2003 - 2008),A 05-06,URXMTM,UPP_D,Hand Picked,URDMTMLC,,
Urinary Metsulfuron-methyl (2003 - 2008),A 07-08,URXMTM,UPP_E,Hand Picked,URDMTMLC,,
Urinary Nicosulfuron (2003 -2008),A 03-04,URXNOS,L26UPP_C,Hand Picked,URDNOSLC,,
Urinary Nicosulfuron (2003 -2008),A 05-06,URXNOS,UPP_D,Hand Picked,URDNOSLC,,
Urinary Nicosulfuron (2003 -2008),A 07-08,URXNOS,UPP_E,Hand Picked,URDNOSLC,,
Urinary Oxasulfuron (2003 - 2008),A 03-04,URXOXS,L26UPP_C,Hand Picked,URDOXSLC,,
Urinary Oxasulfuron (2003 - 2008),A 05-06,URXOXS,UPP_D,Hand Picked,URDOXSLC,,
Urinary Oxasulfuron (2003 - 2008),A 07-08,URXOXS,UPP_E,Hand Picked,URDOXSLC,,
Urinary Primisulfuron-methyl (2003 - 2008),A 03-04,URXPIM,L26UPP_C,Hand Picked,URDPIMLC,,
Urinary Primisulfuron-methyl (2003 - 2008),A 05-06,URXPIM,UPP_D,Hand Picked,URDPIMLC,,
Urinary Primisulfuron-methyl (2003 - 2008),A 07-08,URXPIM,UPP_E,Hand Picked,URDPIMLC,,
Urinary Prosulfuron (2003 - 2008),A 03-04,URXPRO,L26UPP_C,Hand Picked,URDPROLC,,
Urinary Prosulfuron (2003 - 2008),A 05-06,URXPRO,UPP_D,Hand Picked,URDPROLC,,
Urinary Prosulfuron (2003 - 2008),A 07-08,URXPRO,UPP_E,Hand Picked,URDPROLC,,
Urinary Rimsulfuron (2003 - 2008),A 03-04,URXRIM,L26UPP_C,Hand Picked,URDRIMLC,,
Urinary Rimsulfuron (2003 - 2008),A 05-06,URXRIM,UPP_D,Hand Picked,URDRIMLC,,
Urinary Rimsulfuron (2003 - 2008),A 07-08,URXRIM,UPP_E,Hand Picked,URDRIMLC,,
Urinary Sulfometuron-methyl (2003 - 2008),A 03-04,URXSMM,L26UPP_C,Hand Picked,URDSMMLC,,
Urinary Sulfometuron-methyl (2003 - 2008),A 05-06,URXSMM,UPP_D,Hand Picked,FALSE,,
Urinary Sulfometuron-methyl (2003 - 2008),A 07-08,URXSMM,UPP_E,Hand Picked,URDSMMLC,,
Urinary Sulfosulfuron (2003 - 2008),A 03-04,URXSSF,L26UPP_C,Hand Picked,URDSSFLC,,
Urinary Sulfosulfuron (2003 - 2008),A 05-06,URXSSF,UPP_D,Hand Picked,URDSSFLC,,
Urinary Sulfosulfuron (2003 - 2008),A 07-08,URXSSF,UPP_E,Hand Picked,URDSSFLC,,
Urinary Thifensulfuron-methyl (2003 - 2008),A 03-04,URXTHF,L26UPP_C,Hand Picked,URDTHFLC,,
Urinary Thifensulfuron-methyl (2003 - 2008),A 05-06,URXTHF,UPP_D,Hand Picked,URDTHFLC,,
Urinary Thifensulfuron-methyl (2003 - 2008),A 07-08,URXTHF,UPP_E,Hand Picked,URDTHFLC,,
Urinary Triasulfuron (2003 - 2008),A 03-04,URXTRA,L26UPP_C,Hand Picked,URDTRALC,,
Urinary Triasulfuron (2003 - 2008),A 05-06,URXTRA,UPP_D,Hand Picked,URDTRALC,,
Urinary Triasulfuron (2003 - 2008),A 07-08,URXTRA,UPP_E,Hand Picked,URDTRALC,,
Urinary Triflusulfuron-methyl (2003 - 2008),A 03-04,URXTRN,L26UPP_C,Hand Picked,URDTRNLC,,
Urinary Triflusulfuron-methyl (2003 - 2008),A 05-06,URXTRN,UPP_D,Hand Picked,URDTRNLC,,
Urinary Triflusulfuron-methyl (2003 - 2008),A 07-08,,,Can't Find,,,
Urinary Carbofuranphenol (1999 - 2004),A 99-00,URXCBF,LAB26PP,Hand Picked,URDCBFLC,,
Urinary Carbofuranphenol (1999 - 2004),A 01-02,,,Can't Find,,,
Urinary Carbofuranphenol (1999 - 2004),A 03-04,URXCBF,L26UPP_C,Hand Picked,URDCBFLC,,
Urinary 2-Isopropoxyphenol (1999 - 2004),A 99-00,URXPPX,LAB26PP,Hand Picked,URDPPXLC,,
Urinary 2-Isopropoxyphenol (1999 - 2004),A 01-02,,,Can't Find,,,
Urinary 2-Isopropoxyphenol (1999 - 2004),A 03-04,URXPPX,L26UPP_C,Hand Picked,URDPPXLC,,
Serum Aldrin (lipid adjusted) (2001 - 2004),A 01-02,LBXALDLA,L28POC_B,Hand Picked,LBDALDLC,,
Serum Aldrin (lipid adjusted) (2001 - 2004),A 03-04,LBXALDLA,L28OCP_C,Hand Picked,LBDALDLC,,
Serum Aldrin (whole weight) (2001 - 2004),A 01-02,LBXALD,L28POC_B,Hand Picked,LBDALDLC,,
Serum Aldrin (whole weight) (2001 - 2004),A 03-04,LBXALD,L28OCP_C,Hand Picked,LBDALDLC,,
Serum Dieldrin (lipid adjusted) (2001 - 2004),A 01-02,LBXDIELA,L28POC_B,3,LBDDIELC,,
Serum Dieldrin (lipid adjusted) (2001 - 2004),A 03-04,LBXDIELA,L28OCP_C,4,LBDDIELC,,
Serum Dieldrin (whole weight) (2001 - 2004),A 01-02,LBXDIE,L28POC_B,3,LBDDIELC,,
Serum Dieldrin (whole weight) (2001 - 2004),A 03-04,LBXDIE,L28OCP_C,4,LBDDIELC,,
Serum Endrin (lipid adjusted) (2001 - 2004),A 01-02,LBXENDLA,L28POC_B,Hand Picked,LBDENDLC,,
Serum Endrin (lipid adjusted) (2001 - 2004),A 03-04,LBXENDLA,L28OCP_C,Hand Picked,LBDENDLC,,
Serum Endrin (whole weight) (2001 - 2004),A 01-02,LBXEND,L28POC_B,Hand Picked,LBDENDLC,,
Serum Endrin (whole weight) (2001 - 2004),A 03-04,LBXEND,L28OCP_C,Hand Picked,LBDENDLC,,
Serum Heptachlor epoxide (lipid adjusted) (1999 - 2004),A 99-00,LBXHPELA,LAB28POC,3,LBDHPELC,,
Serum Heptachlor epoxide (lipid adjusted) (1999 - 2004),A 01-02,LBXHPELA,L28POC_B,3,LBDHPELC,,
Serum Heptachlor epoxide (lipid adjusted) (1999 - 2004),A 03-04,LBXHPELA,L28OCP_C,3,LBDHPELC,,
Serum Heptachlor epoxide (whole weight) (1999 - 2004),A 99-00,LBXHPE,LAB28POC,3,LBDHPELC,,
Serum Heptachlor epoxide (whole weight) (1999 - 2004),A 01-02,LBXHPE,L28POC_B,3,LBDHPELC,,
Serum Heptachlor epoxide (whole weight) (1999 - 2004),A 03-04,LBXHPE,L28OCP_C,3,LBDHPELC,,
"Serum o,p'-Dichlorodiphenyltrichloroethane (DDT) (lipid adjusted) (1999 - 2004)",A 99-00,LBXODT,LAB28POC,Hand Picked,LBDODTLC,,
"Serum o,p'-Dichlorodiphenyltrichloroethane (DDT) (lipid adjusted) (1999 - 2004)",A 01-02,LBXODTLA,L28POC_B,Hand Picked,LBDODTLC,,
"Serum o,p'-Dichlorodiphenyltrichloroethane (DDT) (lipid adjusted) (1999 - 2004)",A 03-04,LBXODTLA,L28OCP_C,Hand Picked,LBDODTLC,,
"Serum o,p'-Dichlorodiphenyltrichloroethane (DDT) (whole weight) (1999 - 2004)",A 99-00,LBXODTLA,LAB28POC,Hand Picked,LBDODTLC,,
"Serum o,p'-Dichlorodiphenyltrichloroethane (DDT) (whole weight) (1999 - 2004)",A 01-02,LBXODT,L28POC_B,Hand Picked,LBDODTLC,,
"Serum o,p'-Dichlorodiphenyltrichloroethane (DDT) (whole weight) (1999 - 2004)",A 03-04,LBXODT,L28OCP_C,Hand Picked,LBDODTLC,,
"Urinary 2,4,5-Trichlorophenol (2003 - 2010)",A 03-04,URX1TB,L24PP_C,4,URD1TBLC,,
"Urinary 2,4,5-Trichlorophenol (2003 - 2010)",A 05-06,URX1TB,PP_D,Hand Picked,URD1TBLC,,
"Urinary 2,4,5-Trichlorophenol (2003 - 2010)",A 07-08,URX1TB,PP_E,4,URD1TBLC,,
"Urinary 2,4,5-Trichlorophenol (2003 - 2010)",A 09-10,URX1TB,PP_F,3,URD1TBLC,,
"Urinary 2,4,6-Trichlorophenol (2003 - 2010)",A 03-04,URX3TB,L24PP_C,4,URD3TBLC,,
"Urinary 2,4,6-Trichlorophenol (2003 - 2010)",A 05-06,URX3TB,PP_D,Hand Picked,URD3TBLC,,
"Urinary 2,4,6-Trichlorophenol (2003 - 2010)",A 07-08,URX3TB,PP_E,3,URD3TBLC,,
"Urinary 2,4,6-Trichlorophenol (2003 - 2010)",A 09-10,URX3TB,PP_F,Hand Picked,URD1TBLC,,
"Urinary 2,4-Dichlorophenol (2003 - 2010)",A 03-04,URXDCB,L24PP_C,5,URDDCBLC,,
"Urinary 2,4-Dichlorophenol (2003 - 2010)",A 05-06,URXDCB,PP_D,Hand Picked,URDDCBLC,,
"Urinary 2,4-Dichlorophenol (2003 - 2010)",A 07-08,URXDCB,PP_E,5,URDDCBLC,,
"Urinary 2,4-Dichlorophenol (2003 - 2010)",A 09-10,URXDCB,PP_F,5,URDDCBLC,,
"Urinary 2,4-Dichlorophenol (2011 - 2012)",A 11-12,URXDCB,PP_G,5,URDDCBLC,,
"Urinary 2,5-Dichlorophenol (2003 - 2010)",A 03-04,URX14D,L24PP_C,Hand Picked,URD14DLC,,
"Urinary 2,5-Dichlorophenol (2003 - 2010)",A 05-06,URX14D,PP_D,Hand Picked,URD14DLC,,
"Urinary 2,5-Dichlorophenol (2003 - 2010)",A 07-08,URX14D,PP_E,5,URD14DLC,,
"Urinary 2,5-Dichlorophenol (2003 - 2010)",A 09-10,URX14D,PP_F,5,URD14DLC,,
"Urinary 2,5-Dichlorophenol (2011 - 2012)",A 11-12,URX14D,PP_G,5,URD14DLC,,
Urinary Acephate (2003 - 2008),A 03-04,URXAPE,L26UPP_C,Hand Picked,URDAPELC,,
Urinary Acephate (2003 - 2008),A 05-06,URXAPE,CARB_D,Hand Picked,URDAPELC,,
Urinary Acephate (2003 - 2008),A 07-08,URXAPE,CARB_E,Hand Picked,URDAPELC,,
Urinary Dimethoate (2003 - 2008),A 03-04,URXMTO,L26UPP_C,Hand Picked,URDMTOLC,,
Urinary Dimethoate (2003 - 2008),A 05-06,URXMTO,CARB_D,Hand Picked,URDMTOLC,,
Urinary Dimethoate (2003 - 2008),A 07-08,URXMTO,CARB_E,Hand Picked,URDMTOLC,,
Urinary Methamidophos (2003 - 2008),A 03-04,URXMMI,L26UPP_C,Hand Picked,URDMMILC,,
Urinary Methamidophos (2003 - 2008),A 05-06,URXMMI,CARB_D,Hand Picked,URDMMILC,,
Urinary Methamidophos (2003 - 2008),A 07-08,URXMMI,CARB_E,Hand Picked,URDMMILC,,
Urinary Omethoate (2003 - 2008),A 03-04,URXOMO,L26UPP_C,Hand Picked,URDOMOLC,,
Urinary Omethoate (2003 - 2008),A 05-06,URXOMO,CARB_D,Hand Picked,URDOMOLC,,
Urinary Omethoate (2003 - 2008),A 07-08,URXOMO,CARB_E,Hand Picked,URDOMOLC,,
Urinary Malathion dicarboxylic acid (1999 - 2010),A 99-00,URXMAL,LAB26PP,Hand Picked,URDMALLC,,
Urinary Malathion dicarboxylic acid (1999 - 2010),A 07-08,URXMAL,UPHOPM_E,3,URDMALLC,,
Urinary Malathion dicarboxylic acid (1999 - 2010),A 09-10,URXMAL,UPHOPM_F,3,URDMALLC,,
Urinary 2-Isopropyl-4-methyl-6-hydroxypyrimidine (1999 - 2010),A 99-00,URXDIZ,LAB26PP,Hand Picked,URDDIZLC,,
Urinary 2-Isopropyl-4-methyl-6-hydroxypyrimidine (1999 - 2010),A 01-02,,,Can't Find,,,
Urinary 2-Isopropyl-4-methyl-6-hydroxypyrimidine (1999 - 2010),A 07-08,URXOXY,UPHOPM_E,3,URDOXYLC,,
Urinary 2-Isopropyl-4-methyl-6-hydroxypyrimidine (1999 - 2010),A 09-10,URXOXY,UPHOPM_F,3,URDOXYLC,,
Urinary para-Nitrophenol (1999 - 2010),A 99-00,URXPAR,LAB26PP,Hand Picked,URDPARLC,,
Urinary para-Nitrophenol (1999 - 2010),A 01-02,URXPAR,L26PP_B,4,URDPARLC,,
Urinary para-Nitrophenol (1999 - 2010),A 07-08,URXPAR,UPHOPM_E,5,URDPARLC,,
Urinary para-Nitrophenol (1999 - 2010),A 09-10,URXPAR,UPHOPM_F,5,URDPARLC,,
"Urinary 3,5,6-Trichloro-2-pyridinol (1999 - 2010)",A 99-00,URXCPM,LAB26PP,5,URDCPMLC,,
"Urinary 3,5,6-Trichloro-2-pyridinol (1999 - 2010)",A 01-02,URXCPM,L26PP_B,5,URDCPMLC,,
"Urinary 3,5,6-Trichloro-2-pyridinol (1999 - 2010)",A 07-08,URXCPM,UPHOPM_E,5,URDCPMLC,,
"Urinary 3,5,6-Trichloro-2-pyridinol (1999 - 2010)",A 09-10,URXCPM,UPHOPM_F,5,URDCPMLC,,
Urinary Diethylphosphate (DEP) (1999 - 2008),A 99-00,URXOP2,LAB26PP,Hand Picked,FALSE,,
Urinary Diethylphosphate (DEP) (1999 - 2008),A 01-02,,,Can't Find,,,
Urinary Diethylphosphate (DEP) (1999 - 2008),A 03-04,URXOP2,L26OPD_C,4,URDOP2LC,,
Urinary Diethylphosphate (DEP) (1999 - 2008),A 05-06,URXOP2,OPD_D,4,URDOP2LC,,
Urinary Diethylphosphate (DEP) (1999 - 2008),A 07-08,URXOP2,OPD_E,4,URDOP2LC,,
Urinary Dimethylphosphate (DMP) (1999 - 2008),A 99-00,URXOP1,LAB26PP,Hand Picked,FALSE,,
Urinary Dimethylphosphate (DMP) (1999 - 2008),A 01-02,,,Can't Find,,,
Urinary Dimethylphosphate (DMP) (1999 - 2008),A 03-04,URXOP1,L26OPD_C,Hand Picked,URDOP1LC,,
Urinary Dimethylphosphate (DMP) (1999 - 2008),A 05-06,URXOP1,OPD_D,Hand Picked,URDOP1LC,,
Urinary Dimethylphosphate (DMP) (1999 - 2008),A 07-08,URXOP1,OPD_E,Hand Picked,URDOP1LC,,
Urinary Diethylthiophosphate (DETP) (1999 - 2008),A 99-00,URXOP4,LAB26PP,Hand Picked,FALSE,,
Urinary Diethylthiophosphate (DETP) (1999 - 2008),A 01-02,,,Can't Find,,,
Urinary Diethylthiophosphate (DETP) (1999 - 2008),A 03-04,URXOP4,L26OPD_C,Hand Picked,URDOP2LC,,
Urinary Diethylthiophosphate (DETP) (1999 - 2008),A 05-06,URXOP4,OPD_D,Hand Picked,URDOP4LC,,
Urinary Diethylthiophosphate (DETP) (1999 - 2008),A 07-08,URXOP4,OPD_E,Hand Picked,URDOP4LC,,
Urinary Dimethylthiophosphate (DMTP) (1999 - 2008),A 99-00,URXOP3,LAB26PP,Hand Picked,FALSE,,
Urinary Dimethylthiophosphate (DMTP) (1999 - 2008),A 01-02,,,Can't Find,,,
Urinary Dimethylthiophosphate (DMTP) (1999 - 2008),A 03-04,URXOP3,L26OPD_C,5,URDOP3LC,,
Urinary Dimethylthiophosphate (DMTP) (1999 - 2008),A 05-06,URXOP3,OPD_D,5,URDOP3LC,,
Urinary Dimethylthiophosphate (DMTP) (1999 - 2008),A 07-08,URXOP3,OPD_E,5,URDOP3LC,,
Urinary Diethyldithiophosphate (DEDTP) (1999 - 2008),A 99-00,URXOP6,LAB26PP,Hand Picked,FALSE,,
Urinary Diethyldithiophosphate (DEDTP) (1999 - 2008),A 01-02,,,Can't Find,,,
Urinary Diethyldithiophosphate (DEDTP) (1999 - 2008),A 03-04,URXOP6,L26OPD_C,Hand Picked,URDOP6LC,,
Urinary Diethyldithiophosphate (DEDTP) (1999 - 2008),A 05-06,URXOP6,OPD_D,Hand Picked,URDOP6LC,,
Urinary Diethyldithiophosphate (DEDTP) (1999 - 2008),A 07-08,URXOP6,OPD_E,Hand Picked,URDOP6LC,,
Urinary Dimethyldithiophosphate (DMDTP) (1999 - 2008),A 99-00,URXOP5,LAB26PP,Hand Picked,FALSE,,
Urinary Dimethyldithiophosphate (DMDTP) (1999 - 2008),A 01-02,,,Can't Find,,,
Urinary Dimethyldithiophosphate (DMDTP) (1999 - 2008),A 03-04,URXOP5,L26OPD_C,Hand Picked,URDOP5LC,,
Urinary Dimethyldithiophosphate (DMDTP) (1999 - 2008),A 05-06,URXOP5,OPD_D,Hand Picked,URDOP5LC,,
Urinary Dimethyldithiophosphate (DMDTP) (1999 - 2008),A 07-08,URXOP5,OPD_E,Hand Picked,FALSE,,
"Urinary trans-3-(2,2-Dichlorovinyl)-2,2-dimethylcyclopropane carboxylic acid (1999 - 2010)",A 99-00,URXTCC,LAB26PP,4,URDTCCLC,,
"Urinary trans-3-(2,2-Dichlorovinyl)-2,2-dimethylcyclopropane carboxylic acid (1999 - 2010)",A 01-02,URXTCC,L26PP_B,4,URDTCCLC,,
"Urinary trans-3-(2,2-Dichlorovinyl)-2,2-dimethylcyclopropane carboxylic acid (1999 - 2010)",A 07-08,URXTCC,UPHOPM_E,3,URDTCCLC,,
"Urinary trans-3-(2,2-Dichlorovinyl)-2,2-dimethylcyclopropane carboxylic acid (1999 - 2010)",A 09-10,URXTCC,UPHOPM_F,3,URDTCCLC,,
"Urinary cis-3-(2,2-Dibromovinyl)-2,2-dimethylcyclopropane carboxylic acid (1999 - 2010)",A 99-00,URXCB3,LAB26PP,Hand Picked,URDCB3LC,,
"Urinary cis-3-(2,2-Dibromovinyl)-2,2-dimethylcyclopropane carboxylic acid (1999 - 2010)",A 01-02,,,Can't Find,,,
"Urinary cis-3-(2,2-Dibromovinyl)-2,2-dimethylcyclopropane carboxylic acid (1999 - 2010)",A 07-08,URXCB3,UPHOPM_E,Hand Picked,URDCB3LC,,
"Urinary cis-3-(2,2-Dibromovinyl)-2,2-dimethylcyclopropane carboxylic acid (1999 - 2010)",A 09-10,URXCB3,UPHOPM_F,Hand Picked,URDCB3LC,,
Urinary 4-Fluoro-3-phenoxybenzoic acid (1999 - 2010),A 99-00,URX4FP,LAB26PP,Hand Picked,URD4FPLC,,
Urinary 4-Fluoro-3-phenoxybenzoic acid (1999 - 2010),A 01-02,,,Can't Find,,,
Urinary 4-Fluoro-3-phenoxybenzoic acid (1999 - 2010),A 07-08,URX4FP,UPHOPM_E,Hand Picked,URD4FPLC,,
Urinary 4-Fluoro-3-phenoxybenzoic acid (1999 - 2010),A 09-10,URX4FP,UPHOPM_F,Hand Picked,URD4FPLC,,
Urinary 3-Phenoxybenzoic acid (1999 - 2010),A 99-00,URXOPM,LAB26PP,Hand Picked,URDOPMLC,,
Urinary 3-Phenoxybenzoic acid (1999 - 2010),A 01-02,URXOPM,L26PP_B,5,URDOPMLC,,
Urinary 3-Phenoxybenzoic acid (1999 - 2010),A 07-08,URXOPM,UPHOPM_E,5,URDOPMLC,,
Urinary 3-Phenoxybenzoic acid (1999 - 2010),A 09-10,URXOPM,UPHOPM_F,5,URDOPMLC,,
Urinary Antimony (1999 - 2010),A 99-00,URXUSB,LAB06HM,Hand Picked,FALSE,,
Urinary Antimony (1999 - 2010),A 01-02,URXUSB,L06HM_B,Hand Picked,FALSE,,
Urinary Antimony (1999 - 2010),A 03-04,URXUSB,L06HM_C,5,URDUSBLC,,
Urinary Antimony (1999 - 2010),A 05-06,URXUSB,UHM_D,5,URDUSBLC,,
Urinary Antimony (1999 - 2010),A 07-08,URXUSB,UHM_E,5,URDUSBLC,,
Urinary Antimony (1999 - 2010),A 09-10,URXUSB,UHM_F,5,URDUSBLC,,
Urinary Antimony (2011 - 2012),A 11-12,URXUSB,UHM_G,5,URDUSBLC,,
Urinary Total Arsenic (2003 - 2010),A 03-04,URXUAS,L06UAS_C,5,URDUASLC,,
Urinary Total Arsenic (2003 - 2010),A 05-06,URXUAS,UAS_D,5,URDUASLC,,
Urinary Total Arsenic (2003 - 2010),A 07-08,URXUAS,UAS_E,5,URDUASLC,,
Urinary Total Arsenic (2003 - 2010),A 09-10,URXUAS,UAS_F,5,URDUASLC,,
Urinary Total Arsenic (2011 - 2012),A 11-12,URXUAS,UAS_G,5,URDUASLC,,
Urinary Inorganic-related Arsenic Species (2003 - 2010),,,,Sum of multiple variables,,,
Urinary Inorganic-related Arsenic Species (2003 - 2010),,,,Sum of multiple variables,,,
Urinary Inorganic-related Arsenic Species (2003 - 2010),,,,Sum of multiple variables,,,
Urinary Inorganic-related Arsenic Species (2011 - 2012),,,,Sum of multiple variables,,,
Urinary Arsenic (V) acid (2003 - 2010),A 03-04,URXUAS5,L06UAS_C,Hand Picked,FALSE,,
Urinary Arsenic (V) acid (2003 - 2010),A 05-06,URXUAS5,UAS_D,Hand Picked,FALSE,,
Urinary Arsenic (V) acid (2003 - 2010),A 07-08,URXUAS5,UAS_E,Hand Picked,FALSE,,
Urinary Arsenic (V) acid (2003 - 2010),A 09-10,URXUAS5,UAS_F,Hand Picked,FALSE,,
Urinary Arsenic (V) acid (2011 - 2012),A 11-12,URXUAS5,UAS_G,Hand Picked,FALSE,,
Urinary Arsenobetaine (2003 - 2010),A 03-04,URXUAB,L06UAS_C,Hand Picked,URDUABLC,,
Urinary Arsenobetaine (2003 - 2010),A 05-06,URXUAB,UAS_D,5,URDUABLC,,
Urinary Arsenobetaine (2003 - 2010),A 07-08,URXUAB,UAS_E,5,URDUABLC,,
Urinary Arsenobetaine (2003 - 2010),A 09-10,URXUAB,UAS_F,5,URDUABLC,,
Urinary Arsenobetaine (2011 - 2012),A 11-12,URXUAB,UAS_G,4,URDUABLC,,
Urinary Arsenocholine (2003 - 2010),A 03-04,URXUAC,L06UAS_C,Hand Picked,URDUACLC,,
Urinary Arsenocholine (2003 - 2010),A 05-06,URXUAC,UAS_D,Hand Picked,URDUACLC,,
Urinary Arsenocholine (2003 - 2010),A 07-08,URXUAC,UAS_E,Hand Picked,URDUACLC,,
Urinary Arsenocholine (2003 - 2010),A 09-10,URXUAC,UAS_F,Hand Picked,URDUACLC,,
Urinary Arsenocholine (2011 - 2012),A 11-12,URXUAC,UAS_G,Hand Picked,URDUACLC,,
Urinary Arsenous (III) acid (2003 - 2010),A 03-04,URXUAS3,L06UAS_C,Hand Picked,FALSE,,
Urinary Arsenous (III) acid (2003 - 2010),A 05-06,URXUAS3,UAS_D,Hand Picked,FALSE,,
Urinary Arsenous (III) acid (2003 - 2010),A 07-08,URXUAS3,UAS_E,Hand Picked,FALSE,,
Urinary Arsenous (III) acid (2003 - 2010),A 09-10,URXUAS3,UAS_F,Hand Picked,FALSE,,
Urinary Arsenous (III) acid (2011 - 2012),A 11-12,URXUAS3,UAS_G,Hand Picked,FALSE,,
Urinary Dimethylarsinic acid (2001 - 2010),A 03-04,URXUDMA,L06UAS_C,Hand Picked,FALSE,,
Urinary Dimethylarsinic acid (2001 - 2010),A 05-06,URXUDMA,UAS_D,Hand Picked,FALSE,,
Urinary Dimethylarsinic acid (2001 - 2010),A 07-08,URXUDMA,UAS_E,Hand Picked,FALSE,,
Urinary Dimethylarsinic acid (2001 - 2010),A 09-10,URXUDMA,UAS_F,Hand Picked,FALSE,,
Urinary Dimethylarsinic acid (2011 - 2012),A 11-12,URXUDMA,UAS_G,Hand Picked,FALSE,,
Urinary Monomethylarsonic acid (2003 - 2010),A 03-04,URXUMMA,L06UAS_C,Hand Picked,FALSE,,
Urinary Monomethylarsonic acid (2003 - 2010),A 05-06,URXUMMA,UAS_D,Hand Picked,FALSE,,
Urinary Monomethylarsonic acid (2003 - 2010),A 07-08,URXUMMA,UAS_E,Hand Picked,FALSE,,
Urinary Monomethylarsonic acid (2003 - 2010),A 09-10,URXUMMA,UAS_F,Hand Picked,FALSE,,
Urinary Monomethylarsonic acid (2011 - 2012),A 11-12,URXUMMA,UAS_G,Hand Picked,FALSE,,
Urinary Trimethylarsine oxide (2003 - 2010),A 03-04,URXUTM,L06UAS_C,Hand Picked,URDUTMLC,,
Urinary Trimethylarsine oxide (2003 - 2010),A 05-06,URXUTM,UAS_D,Hand Picked,URDUTMLC,,
Urinary Trimethylarsine oxide (2003 - 2010),A 07-08,URXUTM,UAS_E,Hand Picked,URDUTMLC,,
Urinary Trimethylarsine oxide (2003 - 2010),A 09-10,URXUTM,UAS_F,Hand Picked,URDUTMLC,,
Urinary Trimethylarsine oxide (2011 - 2012),A 11-12,URXUTM,UAS_G,Hand Picked,URDUTMLC,,
Urinary Barium (1999 - 2010),A 99-00,URXUBA,LAB06HM,Hand Picked,FALSE,,
Urinary Barium (1999 - 2010),A 01-02,URXUBA,L06HM_B,Hand Picked,FALSE,,
Urinary Barium (1999 - 2010),A 03-04,URXUBA,L06HM_C,5,URDUBALC,,
Urinary Barium (1999 - 2010),A 05-06,URXUBA,UHM_D,5,URDUBALC,,
Urinary Barium (1999 - 2010),A 07-08,URXUBA,UHM_E,5,URDUBALC,,
Urinary Barium (1999 - 2010),A 09-10,URXUBA,UHM_F,5,URDUBALC,,
Urinary Barium (2011 - 2012),A 11-12,URXUBA,UHM_G,5,URDUBALC,,
Urinary Beryllium (1999 - 2010),A 99-00,URXUBE,LAB06HM,Hand Picked,FALSE,,
Urinary Beryllium (1999 - 2010),A 01-02,URXUBE,L06HM_B,Hand Picked,FALSE,,
Urinary Beryllium (1999 - 2010),A 03-04,URXUBE,L06HM_C,Hand Picked,URDUBELC,,
Urinary Beryllium (1999 - 2010),A 05-06,URXUBE,UHM_D,Hand Picked,URDUBELC,,
Urinary Beryllium (1999 - 2010),A 07-08,URXUBE,UHM_E,Hand Picked,URDUBELC,,
Urinary Beryllium (1999 - 2010),A 09-10,URXUBE,UHM_F,Hand Picked,URDUBELC,,
Blood Cadmium (1999 - 2010),A 99-00,LBXBCD,LAB06,5,FALSE,,
Blood Cadmium (1999 - 2010),A 01-02,LBXBCD,L06_B,5,FALSE,,
Blood Cadmium (1999 - 2010),A 03-04,LBXBCD,L06BMT_C,5,FALSE,,
Blood Cadmium (1999 - 2010),A 05-06,LBXBCD,PBCD_D,5,FALSE,,
Blood Cadmium (1999 - 2010),A 07-08,LBXBCD,PBCD_E,5,FALSE,,
Blood Cadmium (1999 - 2010),A 09-10,LBXBCD,PBCD_F,5,LBDBCDLC,,
Blood Cadmium (2011 - 2012),A 11-12,LBXBCD,PBCD_G,5,LBDBCDLC,,
Urinary Cadmium (1999 - 2010),A 03-04,URXUCD,L06HM_C,5,URDUCDLC,,
Urinary Cadmium (1999 - 2010),A 05-06,URXUCD,UHM_D,5,URDUCDLC,,
Urinary Cadmium (1999 - 2010),A 07-08,URXUCD,UHM_E,5,URDUCDLC,,
Urinary Cadmium (1999 - 2010),A 09-10,URXUCD,UHM_F,5,URDUCDLC,,
Urinary Cadmium (2011 - 2012),A 11-12,URXUCD,UHM_G,5,URDUCDLC,,
Urinary Cesium (1999 - 2010),A 99-00,URXUCS,LAB06HM,Hand Picked,FALSE,,
Urinary Cesium (1999 - 2010),A 01-02,URXUCS,L06HM_B,Hand Picked,FALSE,,
Urinary Cesium (1999 - 2010),A 03-04,URXUCS,L06HM_C,5,URDUCSLC,,
Urinary Cesium (1999 - 2010),A 05-06,URXUCS,UHM_D,5,URDUCSLC,,
Urinary Cesium (1999 - 2010),A 07-08,URXUCS,UHM_E,5,URDUCSLC,,
Urinary Cesium (1999 - 2010),A 09-10,URXUCS,UHM_F,5,URDUCSLC,,
Urinary Cesium (2011 - 2012),A 11-12,URXUCS,UHM_G,5,URDUCSLC,,
Urinary Cobalt (1999 - 2010),A 99-00,URXUCO,LAB06HM,Hand Picked,FALSE,,
Urinary Cobalt (1999 - 2010),A 01-02,URXUCO,L06HM_B,Hand Picked,FALSE,,
Urinary Cobalt (1999 - 2010),A 03-04,URXUCO,L06HM_C,5,URDUCOLC,,
Urinary Cobalt (1999 - 2010),A 05-06,URXUCO,UHM_D,5,URDUCOLC,,
Urinary Cobalt (1999 - 2010),A 07-08,URXUCO,UHM_E,5,URDUCOLC,,
Urinary Cobalt (1999 - 2010),A 09-10,URXUCO,UHM_F,5,URDUCOLC,,
Urinary Cobalt (2011 - 2012),A 11-12,URXUCO,UHM_G,5,URDUCOLC,,
Serum Copper (2011 - 2012),A 11-12,LBXSCU,CUSEZN_G,5,FALSE,,
Blood Lead (1999 - 2010),A 99-00,LBXBPB,LAB06,5,FALSE,,
Blood Lead (1999 - 2010),A 01-02,LBXBPB,L06_B,5,FALSE,,
Blood Lead (1999 - 2010),A 03-04,LBXBPB,L06BMT_C,5,FALSE,,
Blood Lead (1999 - 2010),A 05-06,LBXBPB,PBCD_D,5,FALSE,,
Blood Lead (1999 - 2010),A 07-08,LBXBPB,PBCD_E,5,FALSE,,
Blood Lead (1999 - 2010),A 09-10,LBXBPB,PBCD_F,5,LBDBPBLC,,
Blood Lead (2011 - 2012),A 11-12,LBXBPB,PBCD_G,5,LBDBPBLC,,
Urinary Lead (1999 - 2010),A 99-00,URXUPB,LAB06HM,Hand Picked,FALSE,,
Urinary Lead (1999 - 2010),A 01-02,URXUPB,L06HM_B,Hand Picked,FALSE,,
Urinary Lead (1999 - 2010),A 03-04,URXUPB,L06HM_C,5,URDUPBLC,,
Urinary Lead (1999 - 2010),A 05-06,URXUPB,UHM_D,5,URDUPBLC,,
Urinary Lead (1999 - 2010),A 07-08,URXUPB,UHM_E,5,URDUPBLC,,
Urinary Lead (1999 - 2010),A 09-10,URXUPB,UHM_F,5,URDUPBLC,,
Urinary Lead (2011 - 2012),A 11-12,URXUPB,UHM_G,5,URDUPBLC,,
Blood Manganese (2011 - 2012),A 11-12,LBXBMN,PBCD_G,5,LBDBMNLC,,
Urinary Manganese (2011 - 2012),A 11-12,URXUMN,UHM_G,5,URDUMNLC,,
Blood Total Mercury (2003 - 2010),A 03-04,LBXTHG,L06BMT_C,5,FALSE,,
Blood Total Mercury (2003 - 2010),A 05-06,LBXTHG,PBCD_D,5,LBDTHGLC,,
Blood Total Mercury (2003 - 2010),A 07-08,LBXTHG,PBCD_E,5,LBDTHGLC,,
Blood Total Mercury (2003 - 2010),A 09-10,LBXTHG,PBCD_F,5,LBDTHGLC,,
Blood Total Mercury (2011 - 2012),A 11-12,LBXTHG,PBCD_G,5,LBDTHGLC,,
Blood Inorganic Mercury (2003 - 2010),A 03-04,LBXIHG,L06BMT_C,3,FALSE,,
Blood Inorganic Mercury (2003 - 2010),A 05-06,LBXIHG,IHG_D,3,LBDIHGLC,,
Blood Inorganic Mercury (2003 - 2010),A 07-08,LBXIHG,IHG_E,4,LBDIHGLC,,
Blood Inorganic Mercury (2003 - 2010),A 09-10,LBXIHG,IHG_F,3,LBDIHGLC,,
Blood Inorganic Mercury (2011 - 2012),A 11-12,LBXIHG,IHGEM_G,3,LBDIHGLC,,
Blood Ethyl Mercury (2011 - 2012),A 11-12,LBXBGE,IHGEM_G,Hand Picked,LBDBGELC,,
Blood Methyl Mercury (2011 - 2012),A 11-12,LBXBGM,IHGEM_G,Hand Picked,LBDBGMLC,,
Urinary Mercury (2003 - 2010),A 03-04,URXUHG,L06UHG_C,5,URDUHGLC,,
Urinary Mercury (2003 - 2010),A 05-06,URXUHG,UHG_D,5,URDUHGLC,,
Urinary Mercury (2003 - 2010),A 07-08,URXUHG,UHG_E,Hand Picked,FALSE,,
Urinary Mercury (2003 - 2010),A 09-10,URXUHG,UHG_F,Hand Picked,FALSE,,
Urinary Mercury (2011 - 2012),A 11-12,URXUHG,UHG_G,5,URDUHGLC,,
Urinary Molybdenum (1999 - 2010),A 99-00,URXUMO,LAB06HM,Hand Picked,FALSE,,
Urinary Molybdenum (1999 - 2010),A 01-02,URXUMO,L06HM_B,Hand Picked,FALSE,,
Urinary Molybdenum (1999 - 2010),A 03-04,URXUMO,L06HM_C,5,URDUMOLC,,
Urinary Molybdenum (1999 - 2010),A 05-06,URXUMO,UHM_D,5,URDUMOLC,,
Urinary Molybdenum (1999 - 2010),A 07-08,URXUMO,UHM_E,5,URDUMOLC,,
Urinary Molybdenum (1999 - 2010),A 09-10,URXUMO,UHM_F,5,URDUMOLC,,
Urinary Molybdenum (2011 - 2012),A 11-12,URXUMO,UHM_G,5,URDUMOLC,,
Urinary Platinum (1999 - 2010),A 99-00,URXUPT,LAB06HM,Hand Picked,FALSE,,
Urinary Platinum (1999 - 2010),A 01-02,URXUPT,L06HM_B,Hand Picked,FALSE,,
Urinary Platinum (1999 - 2010),A 03-04,URXUPT,L06HM_C,Hand Picked,URDUPTLC,,
Urinary Platinum (1999 - 2010),A 05-06,URXUPT,UHM_D,3,URDUPTLC,,
Urinary Platinum (1999 - 2010),A 07-08,URXUPT,UHM_E,Hand Picked,URDUPTLC,,
Urinary Platinum (1999 - 2010),A 09-10,URXUPT,UHM_F,3,URDUPTLC,,
Blood Selenium (2011 - 2012),A 11-12,LBXBSE,PBCD_G,5,LBDBSELC,,
Serum Selenium (2011 - 2012),A 11-12,LBXSSE,CUSEZN_G,5,FALSE,,
Urinary Strontium (2011 - 2012),A 11-12,URXUSR,UHM_G,5,URDUSRLC,,
Urinary Thallium (1999 - 2010),A 99-00,URXUTL,LAB06HM,Hand Picked,FALSE,,
Urinary Thallium (1999 - 2010),A 01-02,URXUTL,L06HM_B,Hand Picked,FALSE,,
Urinary Thallium (1999 - 2010),A 03-04,URXUTL,L06HM_C,5,URDUTLLC,,
Urinary Thallium (1999 - 2010),A 05-06,URXUTL,UHM_D,5,URDUTLLC,,
Urinary Thallium (1999 - 2010),A 07-08,URXUTL,UHM_E,5,URDUTLLC,,
Urinary Thallium (1999 - 2010),A 09-10,URXUTL,UHM_F,5,URDUTLLC,,
Urinary Thallium (2011 - 2012),A 11-12,URXUTL,UHM_G,5,URDUTLLC,,
Urinary Tin (2011 - 2012),A 11-12,URXUSN,UHM_G,5,URDUSNLC,,
Urinary Tungsten (1999 - 2010),A 99-00,URXUTU,LAB06HM,Hand Picked,FALSE,,
Urinary Tungsten (1999 - 2010),A 01-02,URXUTU,L06HM_B,Hand Picked,FALSE,,
Urinary Tungsten (1999 - 2010),A 03-04,URXUTU,L06HM_C,5,URDUTULC,,
Urinary Tungsten (1999 - 2010),A 05-06,URXUTU,UHM_D,5,URDUTULC,,
Urinary Tungsten (1999 - 2010),A 07-08,URXUTU,UHM_E,5,URDUTULC,,
Urinary Tungsten (1999 - 2010),A 09-10,URXUTU,UHM_F,5,URDUTULC,,
Urinary Tungsten (2011 - 2012),A 11-12,URXUTU,UHM_G,5,URDUTULC,,
Urinary Uranium (1999 - 2010),A 99-00,,,Can't Find,,,
Urinary Uranium (1999 - 2010),A 01-02,URXUUR,L06HM_B,Hand Picked,FALSE,,
Urinary Uranium (1999 - 2010),A 03-04,URXUUR,L06HM_C,5,URDUURLC,,
Urinary Uranium (1999 - 2010),A 05-06,URXUUR,UHM_D,5,URDUURLC,,
Urinary Uranium (1999 - 2010),A 07-08,URXUUR,UHM_E,5,URDUURLC,,
Urinary Uranium (1999 - 2010),A 09-10,URXUUR,UHM_F,5,URDUURLC,,
Urinary Uranium (2011 - 2012),A 11-12,URXUUR,UHM_G,5,URDUURLC,,
Serum Zinc (2011 - 2012),A 11-12,LBXSZN,CUSEZN_G,5,FALSE,,
Urinary Butyl paraben (2005 - 2010),A 05-06,URXBUP,EPH_D,4,URDBUPLC,,
Urinary Butyl paraben (2005 - 2010),A 07-08,URXBUP,EPH_E,4,URDBUPLC,,
Urinary Butyl paraben (2005 - 2010),A 09-10,URXBUP,EPH_F,4,URDBUPLC,,
Urinary Butyl paraben (2011 - 2012),A 11-12,URXBUP,EPH_G,4,URDBUPLC,,
Urinary Ethyl paraben (2005 - 2010),A 05-06,URXEPB,EPH_D,4,URDEPBLC,,
Urinary Ethyl paraben (2005 - 2010),A 07-08,URXEPB,EPH_E,4,URDEPBLC,,
Urinary Ethyl paraben (2005 - 2010),A 09-10,URXEPB,EPH_F,5,URDEPBLC,,
Urinary Ethyl paraben (2011 - 2012),A 11-12,URXEPB,EPH_G,4,URDEPBLC,,
Urinary Methyl paraben (2005 - 2010),A 05-06,URXMPB,EPH_D,5,URDMPBLC,,
Urinary Methyl paraben (2005 - 2010),A 07-08,URXMPB,EPH_E,5,URDMPBLC,,
Urinary Methyl paraben (2005 - 2010),A 09-10,URXMPB,EPH_F,5,URDMPBLC,,
Urinary Methyl paraben (2011 - 2012),A 11-12,URXMPB,EPH_G,5,URDMPBLC,,
Urinary n-Propyl paraben (2005 - 2010),A 05-06,URXPPB,EPH_D,5,URDPPBLC,,
Urinary n-Propyl paraben (2005 - 2010),A 07-08,URXPPB,EPH_E,5,URDPPBLC,,
Urinary n-Propyl paraben (2005 - 2010),A 09-10,URXPPB,EPH_F,5,URDPPBLC,,
Urinary n-Propyl paraben (2011 - 2012),A 11-12,URXPPB,EPH_G,5,URDPPBLC,,
Urinary Nitrate (2001 - 2010),A 01-02,SSXNO3,SSNO3P_B,Hand Picked,FALSE,,
Urinary Nitrate (2001 - 2010),A 05-06,URXNO3,PERNT_D,Hand Picked,URDNO3LC,,
Urinary Nitrate (2001 - 2010),A 07-08,URXNO3,PERNT_E,Hand Picked,URDNO3LC,,
Urinary Nitrate (2001 - 2010),A 09-10,URXNO3,PERNT_F,Hand Picked,URDNO3LC,,
Urinary Nitrate (2011 - 2012),A 11-12,URXNO3,PERNT_G,Hand Picked,URDNO3LC,,
Urinary Perchlorate (2001 - 2010),A 01-02,SSXUP8,SSNO3P_B,Hand Picked,FALSE,,
Urinary Perchlorate (2001 - 2010),A 03-04,URXUP8,L04PER_C,Hand Picked,FALSE,,
Urinary Perchlorate (2001 - 2010),A 05-06,URXUP8,PERNT_D,5,URDUP8LC,,
Urinary Perchlorate (2001 - 2010),A 07-08,URXUP8,PERNT_E,5,URDUP8LC,,
Urinary Perchlorate (2001 - 2010),A 09-10,URXUP8,PERNT_F,5,URDUP8LC,,
Urinary Perchlorate (2011 - 2012),A 11-12,URXUP8,PERNT_G,5,URDUP8LC,,
Urinary Thiocyanate (2001 - 2010),A 01-02,SSXSCN,SSNO3P_B,Hand Picked,FALSE,,
Urinary Thiocyanate (2001 - 2010),A 05-06,URXSCN,PERNT_D,Hand Picked,URDSCNLC,,
Urinary Thiocyanate (2001 - 2010),A 07-08,URXSCN,PERNT_E,Hand Picked,URDSCNLC,,
Urinary Thiocyanate (2001 - 2010),A 09-10,URXSCN,PERNT_F,Hand Picked,URDSCNLC,,
Urinary Thiocyanate (2011 - 2012),A 11-12,URXSCN,PERNT_G,Hand Picked,URDSCNLC,,
Serum Perfluorobutane sulfonic acid (PFBuS) (2003 - 2010),A 03-04,LBXPFBS,L24PFC_C,Hand Picked,LBDPFBSL,,
Serum Perfluorobutane sulfonic acid (PFBuS) (2003 - 2010),A 05-06,LBXPFBS,PFC_D,Hand Picked,LBDPFBSL,,
Serum Perfluorobutane sulfonic acid (PFBuS) (2003 - 2010),A 07-08,LBXPFBS,PFC_E,Hand Picked,LBDPFBSL,,
Serum Perfluorobutane sulfonic acid (PFBuS) (2003 - 2010),A 09-10,LBXPFBS,PFC_F,Hand Picked,LBDPFBSL,,
Serum Perfluorobutane sulfonic acid (PFBuS) (2011 - 2012),A 11-12,LBXPFBS,PFC_G,Hand Picked,LBDPFBSL,,
Serum Perfluorodecanoic acid (PFDeA) (1999 - 2010),A 99-00,SPFDE,SSPFC_A,Hand Picked,SPFDELC,,
Serum Perfluorodecanoic acid (PFDeA) (1999 - 2010),A 03-04,LBXPFDE,L24PFC_C,4,LBDPFDEL,,
Serum Perfluorodecanoic acid (PFDeA) (1999 - 2010),A 05-06,LBXPFDE,PFC_D,5,LBDPFDEL,,
Serum Perfluorodecanoic acid (PFDeA) (1999 - 2010),A 07-08,LBXPFDE,PFC_E,5,LBDPFDEL,,
Serum Perfluorodecanoic acid (PFDeA) (1999 - 2010),A 09-10,LBXPFDE,PFC_F,5,LBDPFDEL,,
Serum Perfluorodecanoic acid (PFDeA) (2011 - 2012),A 11-12,LBXPFDE,PFC_G,5,LBDPFDEL,,
Serum Perfluorododecanoic acid (PFDoA) (1999 - 2010),A 99-00,SPFDO,SSPFC_A,Hand Picked,SPFDOLC,,
Serum Perfluorododecanoic acid (PFDoA) (1999 - 2010),A 03-04,LBXPFDO,L24PFC_C,Hand Picked,LBDPFDOL,,
Serum Perfluorododecanoic acid (PFDoA) (1999 - 2010),A 05-06,LBXPFDO,PFC_D,Hand Picked,LBDPFDOL,,
Serum Perfluorododecanoic acid (PFDoA) (1999 - 2010),A 07-08,LBXPFDO,PFC_E,Hand Picked,LBDPFDOL,,
Serum Perfluorododecanoic acid (PFDoA) (1999 - 2010),A 09-10,LBXPFDO,PFC_F,Hand Picked,LBDPFDOL,,
Serum Perfluorododecanoic acid (PFDoA) (2011 - 2012),A 11-12,LBXPFDO,PFC_G,Hand Picked,LBDPFDOL,,
Serum Perfluoroheptanoic acid (PFHpA) (1999 - 2010),A 99-00,SPFHP,SSPFC_A,Hand Picked,SPFHPLC,,
Serum Perfluoroheptanoic acid (PFHpA) (1999 - 2010),A 03-04,LBXPFHP,L24PFC_C,Hand Picked,LBDPFHPL,,
Serum Perfluoroheptanoic acid (PFHpA) (1999 - 2010),A 05-06,LBXPFHP,PFC_D,Hand Picked,LBDPFHPL,,
Serum Perfluoroheptanoic acid (PFHpA) (1999 - 2010),A 07-08,LBXPFHP,PFC_E,Hand Picked,LBDPFHPL,,
Serum Perfluoroheptanoic acid (PFHpA) (1999 - 2010),A 09-10,LBXPFHP,PFC_F,Hand Picked,LBDPFHPL,,
Serum Perfluoroheptanoic acid (PFHpA) (2011 - 2012),A 11-12,LBXPFHP,PFC_G,3,LBDPFHPL,,
Serum Perfluorohexane sulfonic acid (PFHxS) (1999 - 2010),A 99-00,SPFHS,SSPFC_A,Hand Picked,SPFHSLC,,
Serum Perfluorohexane sulfonic acid (PFHxS) (1999 - 2010),A 03-04,LBXPFHS,L24PFC_C,5,LBDPFHSL,,
Serum Perfluorohexane sulfonic acid (PFHxS) (1999 - 2010),A 05-06,LBXPFHS,PFC_D,5,LBDPFHSL,,
Serum Perfluorohexane sulfonic acid (PFHxS) (1999 - 2010),A 07-08,LBXPFHS,PFC_E,5,LBDPFHSL,,
Serum Perfluorohexane sulfonic acid (PFHxS) (1999 - 2010),A 09-10,LBXPFHS,PFC_F,5,LBDPFHSL,,
Serum Perfluorohexane sulfonic acid (PFHxS) (2011 - 2012),A 11-12,LBXPFHS,PFC_G,5,LBDPFHSL,,
Serum Perfluorononanoic acid (PFNA) (1999-2010),A 99-00,SPFNA,SSPFC_A,Hand Picked,SPFNALC,,
Serum Perfluorononanoic acid (PFNA) (1999-2010),A 03-04,LBXPFNA,L24PFC_C,5,LBDPFNAL,,
Serum Perfluorononanoic acid (PFNA) (1999-2010),A 05-06,LBXPFNA,PFC_D,5,LBDPFNAL,,
Serum Perfluorononanoic acid (PFNA) (1999-2010),A 07-08,LBXPFNA,PFC_E,5,LBDPFNAL,,
Serum Perfluorononanoic acid (PFNA) (1999-2010),A 09-10,LBXPFNA,PFC_F,5,LBDPFNAL,,
Serum Perfluorononanoic acid (PFNA) (2011 - 2012),A 11-12,LBXPFNA,PFC_G,5,LBDPFNAL,,
Serum Perfluorooctanoic acid (PFOA) (1999 - 2010),A 99-00,SPFOA,SSPFC_A,Hand Picked,SPFOALC,,
Serum Perfluorooctanoic acid (PFOA) (1999 - 2010),A 03-04,LBXPFOA,L24PFC_C,5,LBDPFOAL,,
Serum Perfluorooctanoic acid (PFOA) (1999 - 2010),A 05-06,LBXPFOA,PFC_D,5,LBDPFOAL,,
Serum Perfluorooctanoic acid (PFOA) (1999 - 2010),A 07-08,LBXPFOA,PFC_E,5,LBDPFOAL,,
Serum Perfluorooctanoic acid (PFOA) (1999 - 2010),A 09-10,LBXPFOA,PFC_F,5,LBDPFOAL,,
Serum Perfluorooctanoic acid (PFOA) (2011 - 2012),A 11-12,LBXPFOA,PFC_G,5,LBDPFOAL,,
Serum Perfluorooctane sulfonic acid (PFOS) (1999 - 2010),A 99-00,SPFOS,SSPFC_A,Hand Picked,SPFOSLC,,
Serum Perfluorooctane sulfonic acid (PFOS) (1999 - 2010),A 03-04,LBXPFOS,L24PFC_C,5,LBDPFOSL,,
Serum Perfluorooctane sulfonic acid (PFOS) (1999 - 2010),A 05-06,LBXPFOS,PFC_D,5,LBDPFOSL,,
Serum Perfluorooctane sulfonic acid (PFOS) (1999 - 2010),A 07-08,LBXPFOS,PFC_E,5,LBDPFOSL,,
Serum Perfluorooctane sulfonic acid (PFOS) (1999 - 2010),A 09-10,LBXPFOS,PFC_F,5,LBDPFOSL,,
Serum Perfluorooctane sulfonic acid (PFOS) (2011 - 2012),A 11-12,LBXPFOS,PFC_G,5,LBDPFOSL,,
Serum Perfluorooctane sulfonamide (PFOSA) (1999 - 2010),A 99-00,SPFSA,SSPFC_A,Hand Picked,SPFSALC,,
Serum Perfluorooctane sulfonamide (PFOSA) (1999 - 2010),A 03-04,LBXPFSA,L24PFC_C,5,LBDPFSAL,,
Serum Perfluorooctane sulfonamide (PFOSA) (1999 - 2010),A 05-06,LBXPFSA,PFC_D,4,LBDPFSAL,,
Serum Perfluorooctane sulfonamide (PFOSA) (1999 - 2010),A 07-08,LBXPFSA,PFC_E,Hand Picked,LBDPFSAL,,
Serum Perfluorooctane sulfonamide (PFOSA) (1999 - 2010),A 09-10,LBXPFSA,PFC_F,Hand Picked,LBDPFSAL,,
Serum Perfluorooctane sulfonamide (PFOSA) (2011 - 2012),A 11-12,LBXPFSA,PFC_G,Hand Picked,LBDPFSAL,,
Serum 2-(N-Ethyl-perfluorooctane sulfonamido) acetic acid (Et-PFOSA-AcOH) (1999 - 2010),A 99-00,SEPAH,SSPFC_A,Hand Picked,SEPAHLC,,
Serum 2-(N-Ethyl-perfluorooctane sulfonamido) acetic acid (Et-PFOSA-AcOH) (1999 - 2010),A 03-04,LBXEPAH,L24PFC_C,Hand Picked,LBDEPAHL,,
Serum 2-(N-Ethyl-perfluorooctane sulfonamido) acetic acid (Et-PFOSA-AcOH) (1999 - 2010),A 05-06,LBXEPAH,PFC_D,Hand Picked,LBDEPAHL,,
Serum 2-(N-Ethyl-perfluorooctane sulfonamido) acetic acid (Et-PFOSA-AcOH) (1999 - 2010),A 07-08,LBXEPAH,PFC_E,Hand Picked,LBDEPAHL,,
Serum 2-(N-Ethyl-perfluorooctane sulfonamido) acetic acid (Et-PFOSA-AcOH) (1999 - 2010),A 09-10,LBXEPAH,PFC_F,Hand Picked,LBDEPAHL,,
Serum 2-(N-Ethyl-perfluorooctane sulfonamido) acetic acid (Et-PFOSA-AcOH) (2011 - 2012),A 11-12,LBXEPAH,PFC_G,Hand Picked,LBDEPAHL,,
Serum 2-(N-Methyl-perfluorooctane sulfonamido) acetic acid (Me-PFOSA-AcOH) (1999 - 2010),A 99-00,SMPAH,SSPFC_A,Hand Picked,SMPAHLC,,
Serum 2-(N-Methyl-perfluorooctane sulfonamido) acetic acid (Me-PFOSA-AcOH) (1999 - 2010),A 03-04,LBXMPAH,L24PFC_C,4,LBDMPAHL,,
Serum 2-(N-Methyl-perfluorooctane sulfonamido) acetic acid (Me-PFOSA-AcOH) (1999 - 2010),A 05-06,LBXMPAH,PFC_D,Hand Picked,LBDMPAHL,,
Serum 2-(N-Methyl-perfluorooctane sulfonamido) acetic acid (Me-PFOSA-AcOH) (1999 - 2010),A 07-08,LBXMPAH,PFC_E,5,LBDMPAHL,,
Serum 2-(N-Methyl-perfluorooctane sulfonamido) acetic acid (Me-PFOSA-AcOH) (1999 - 2010),A 09-10,LBXMPAH,PFC_F,5,LBDMPAHL,,
Serum 2-(N-Methyl-perfluorooctane sulfonamido) acetic acid (Me-PFOSA-AcOH) (2011 - 2012),A 11-12,LBXMPAH,PFC_G,5,LBDMPAHL,,
Serum Perfluoroundecanoic acid (PFUA) (1999 - 2010),A 99-00,SPFUA,SSPFC_A,Hand Picked,SPFUALC,,
Serum Perfluoroundecanoic acid (PFUA) (1999 - 2010),A 03-04,LBXPFUA,L24PFC_C,Hand Picked,LBDPFUAL,,
Serum Perfluoroundecanoic acid (PFUA) (1999 - 2010),A 05-06,LBXPFUA,PFC_D,4,LBDPFUAL,,
Serum Perfluoroundecanoic acid (PFUA) (1999 - 2010),A 07-08,LBXPFUA,PFC_E,4,LBDPFUAL,,
Serum Perfluoroundecanoic acid (PFUA) (1999 - 2010),A 09-10,LBXPFUA,PFC_F,5,LBDPFUAL,,
Serum Perfluoroundecanoic acid (PFUA) (2011 - 2012),A 11-12,LBXPFUA,PFC_G,5,LBDPFUAL,,
Urinary Mono-benzyl phthalate (MBzP) (1999 - 2010),A 99-00,URXMZP,PHPYPA,Hand Picked,FALSE,,
Urinary Mono-benzyl phthalate (MBzP) (1999 - 2010),A 01-02,URXMZP,PHPYPA_B,Hand Picked,FALSE,,
Urinary Mono-benzyl phthalate (MBzP) (1999 - 2010),A 03-04,URXMZP,L24PH_C,5,URDMZPLC,,
Urinary Mono-benzyl phthalate (MBzP) (1999 - 2010),A 05-06,URXMZP,PHTHTE_D,5,URDMZPLC,,
Urinary Mono-benzyl phthalate (MBzP) (1999 - 2010),A 07-08,URXMZP,PHTHTE_E,5,URDMZPLC,,
Urinary Mono-benzyl phthalate (MBzP) (1999 - 2010),A 09-10,URXMZP,PHTHTE_F,5,URDMZPLC,,
Urinary Mono-benzyl phthalate (MBzP) (2011 - 2012),A 11-12,URXMZP,PHTHTE_G,5,URDMZPLC,,
Urinary Mono-isobutyl phthalate (MiBP) (2001 - 2010),A 01-02,URXMIB,PHPYPA_B,Hand Picked,FALSE,,
Urinary Mono-isobutyl phthalate (MiBP) (2001 - 2010),A 03-04,URXMIB,L24PH_C,5,URDMIBLC,,
Urinary Mono-isobutyl phthalate (MiBP) (2001 - 2010),A 05-06,URXMIB,PHTHTE_D,5,URDMIBLC,,
Urinary Mono-isobutyl phthalate (MiBP) (2001 - 2010),A 07-08,URXMIB,PHTHTE_E,5,URDMIBLC,,
Urinary Mono-isobutyl phthalate (MiBP) (2001 - 2010),A 09-10,URXMIB,PHTHTE_F,5,URDMIBLC,,
Urinary Mono-isobutyl phthalate (MiBP) (2011 - 2012),A 11-12,URXMIB,PHTHTE_G,5,URDMIBLC,,
Urinary Mono-n-butyl phthalate (MnBP) (1999 - 2010),A 99-00,URXMBP,PHPYPA,Hand Picked,FALSE,,
Urinary Mono-n-butyl phthalate (MnBP) (1999 - 2010),A 01-02,URXMBP,PHPYPA_B,Hand Picked,FALSE,,
Urinary Mono-n-butyl phthalate (MnBP) (1999 - 2010),A 03-04,URXMBP,L24PH_C,5,URDMBPLC,,
Urinary Mono-n-butyl phthalate (MnBP) (1999 - 2010),A 05-06,URXMBP,PHTHTE_D,5,URDMBPLC,,
Urinary Mono-n-butyl phthalate (MnBP) (1999 - 2010),A 07-08,URXMBP,PHTHTE_E,5,URDMBPLC,,
Urinary Mono-n-butyl phthalate (MnBP) (1999 - 2010),A 09-10,URXMBP,PHTHTE_F,5,URDMBPLC,,
Urinary Mono-n-butyl phthalate (MnBP) (2011 - 2012),A 11-12,URXMBP,PHTHTE_G,5,URDMBPLC,,
Urinary Mono-cyclohexyl phthalate (MCHP) (1999 - 2010),A 99-00,URXMCP,PHPYPA,Hand Picked,FALSE,,
Urinary Mono-cyclohexyl phthalate (MCHP) (1999 - 2010),A 01-02,URXMCP,PHPYPA_B,Hand Picked,FALSE,,
Urinary Mono-cyclohexyl phthalate (MCHP) (1999 - 2010),A 03-04,URXMCP,L24PH_C,Hand Picked,URDMCPLC,,
Urinary Mono-cyclohexyl phthalate (MCHP) (1999 - 2010),A 05-06,URXMCP,PHTHTE_D,Hand Picked,URDMCPLC,,
Urinary Mono-cyclohexyl phthalate (MCHP) (1999 - 2010),A 07-08,URXMCP,PHTHTE_E,Hand Picked,URDMCPLC,,
Urinary Mono-cyclohexyl phthalate (MCHP) (1999 - 2010),A 09-10,URXMCP,PHTHTE_F,Hand Picked,URDMCPLC,,
Urinary Mono-ethyl phthalate (MEP) (1999 - 2010),A 99-00,URXMEP,PHPYPA,Hand Picked,FALSE,,
Urinary Mono-ethyl phthalate (MEP) (1999 - 2010),A 01-02,URXMEP,PHPYPA_B,Hand Picked,FALSE,,
Urinary Mono-ethyl phthalate (MEP) (1999 - 2010),A 03-04,URXMEP,L24PH_C,5,URDMEPLC,,
Urinary Mono-ethyl phthalate (MEP) (1999 - 2010),A 05-06,URXMEP,PHTHTE_D,5,URDMEPLC,,
Urinary Mono-ethyl phthalate (MEP) (1999 - 2010),A 07-08,URXMEP,PHTHTE_E,5,URDMEPLC,,
Urinary Mono-ethyl phthalate (MEP) (1999 - 2010),A 09-10,URXMEP,PHTHTE_F,5,URDMEPLC,,
Urinary Mono-ethyl phthalate (MEP) (2011 - 2012),A 11-12,URXMEP,PHTHTE_G,5,URDMEPLC,,
Urinary Mono-2-ethylhexyl phthalate (MEHP) (1999 - 2010),A 99-00,URXMHP,PHPYPA,Hand Picked,FALSE,,
Urinary Mono-2-ethylhexyl phthalate (MEHP) (1999 - 2010),A 01-02,URXMHP,PHPYPA_B,Hand Picked,FALSE,,
Urinary Mono-2-ethylhexyl phthalate (MEHP) (1999 - 2010),A 03-04,URXMHP,L24PH_C,5,URDMHPLC,,
Urinary Mono-2-ethylhexyl phthalate (MEHP) (1999 - 2010),A 05-06,URXMHP,PHTHTE_D,5,URDMHPLC,,
Urinary Mono-2-ethylhexyl phthalate (MEHP) (1999 - 2010),A 07-08,URXMHP,PHTHTE_E,5,URDMHPLC,,
Urinary Mono-2-ethylhexyl phthalate (MEHP) (1999 - 2010),A 09-10,URXMHP,PHTHTE_F,5,URDMHPLC,,
Urinary Mono-2-ethylhexyl phthalate (MEHP) (2011 - 2012),A 11-12,URXMHP,PHTHTE_G,5,URDMHPLC,,
Urinary Mono-(2-ethyl-5-hydroxyhexyl) phthalate (MEHHP) (2001 - 2010),A 01-02,URXMHH,PHPYPA_B,Hand Picked,FALSE,,
Urinary Mono-(2-ethyl-5-hydroxyhexyl) phthalate (MEHHP) (2001 - 2010),A 03-04,URXMHH,L24PH_C,5,URDMHHLC,,
Urinary Mono-(2-ethyl-5-hydroxyhexyl) phthalate (MEHHP) (2001 - 2010),A 05-06,URXMHH,PHTHTE_D,5,URDMHHLC,,
Urinary Mono-(2-ethyl-5-hydroxyhexyl) phthalate (MEHHP) (2001 - 2010),A 07-08,URXMHH,PHTHTE_E,5,URDMHHLC,,
Urinary Mono-(2-ethyl-5-hydroxyhexyl) phthalate (MEHHP) (2001 - 2010),A 09-10,URXMHH,PHTHTE_F,5,URDMHHLC,,
Urinary Mono-(2-ethyl-5-hydroxyhexyl) phthalate (MEHHP) (2011 - 2012),A 11-12,URXMHH,PHTHTE_G,5,URDMHHLC,,
Urinary Mono-(2-ethyl-5-oxohexyl) phthalate (MEOHP) (2001 - 2010),A 01-02,URXMOH,PHPYPA_B,Hand Picked,FALSE,,
Urinary Mono-(2-ethyl-5-oxohexyl) phthalate (MEOHP) (2001 - 2010),A 03-04,URXMOH,L24PH_C,5,URDMOHLC,,
Urinary Mono-(2-ethyl-5-oxohexyl) phthalate (MEOHP) (2001 - 2010),A 05-06,URXMOH,PHTHTE_D,5,URDMOHLC,,
Urinary Mono-(2-ethyl-5-oxohexyl) phthalate (MEOHP) (2001 - 2010),A 07-08,URXMOH,PHTHTE_E,5,URDMOHLC,,
Urinary Mono-(2-ethyl-5-oxohexyl) phthalate (MEOHP) (2001 - 2010),A 09-10,URXMOH,PHTHTE_F,5,URDMOHLC,,
Urinary Mono-(2-ethyl-5-oxohexyl) phthalate (MEOHP) (2011 - 2012),A 11-12,URXMOH,PHTHTE_G,5,URDMOHLC,,
Urinary Mono-(2-ethyl-5-carboxypentyl) phthalate (MECPP) (2003 - 2010),A 03-04,URXECP,L24PH_C,5,URDECPLC,,
Urinary Mono-(2-ethyl-5-carboxypentyl) phthalate (MECPP) (2003 - 2010),A 05-06,URXECP,PHTHTE_D,5,URDECPLC,,
Urinary Mono-(2-ethyl-5-carboxypentyl) phthalate (MECPP) (2003 - 2010),A 07-08,URXECP,PHTHTE_E,5,URDECPLC,,
Urinary Mono-(2-ethyl-5-carboxypentyl) phthalate (MECPP) (2003 - 2010),A 09-10,URXECP,PHTHTE_F,5,URDECPLC,,
Urinary Mono-(2-ethyl-5-carboxypentyl) phthalate (MECPP) (2011 - 2012),A 11-12,URXECP,PHTHTE_G,5,URDECPLC,,
Urinary Mono-(carboxynonyl) phthalate (MCNP) (2005 - 2010),A 05-06,URXCNP,PHTHTE_D,5,URDCNPLC,,
Urinary Mono-(carboxynonyl) phthalate (MCNP) (2005 - 2010),A 07-08,URXCNP,PHTHTE_E,5,URDCNPLC,,
Urinary Mono-(carboxynonyl) phthalate (MCNP) (2005 - 2010),A 09-10,URXCNP,PHTHTE_F,5,URDCNPLC,,
Urinary Mono-(carboxynonyl) phthalate (MCNP) (2011 - 2012),A 11-12,URXCNP,PHTHTE_G,5,URDCNPLC,,
Urinary Mono-isononyl phthalate (MiNP) (1999 - 2010),A 99-00,URXMNP,PHPYPA,Hand Picked,FALSE,,
Urinary Mono-isononyl phthalate (MiNP) (1999 - 2010),A 01-02,URXMNP,PHPYPA_B,Hand Picked,FALSE,,
Urinary Mono-isononyl phthalate (MiNP) (1999 - 2010),A 03-04,URXMNP,L24PH_C,Hand Picked,URDMNPLC,,
Urinary Mono-isononyl phthalate (MiNP) (1999 - 2010),A 05-06,URXMNP,PHTHTE_D,3,URDMNPLC,,
Urinary Mono-isononyl phthalate (MiNP) (1999 - 2010),A 07-08,URXMNP,PHTHTE_E,3,URDMNPLC,,
Urinary Mono-isononyl phthalate (MiNP) (1999 - 2010),A 09-10,URXMNP,PHTHTE_F,4,URDMNPLC,,
Urinary Mono-isononyl phthalate (MiNP) (2011 - 2012),A 11-12,URXMNP,PHTHTE_G,5,URDMNPLC,,
Urinary Mono-(carboxyoctyl) phthalate (MCOP) (2005 - 2010),A 05-06,URXCOP,PHTHTE_D,5,URDCOPLC,,
Urinary Mono-(carboxyoctyl) phthalate (MCOP) (2005 - 2010),A 07-08,URXCOP,PHTHTE_E,5,URDCOPLC,,
Urinary Mono-(carboxyoctyl) phthalate (MCOP) (2005 - 2010),A 09-10,URXCOP,PHTHTE_F,5,URDCOPLC,,
Urinary Mono-(carboxyoctyl) phthalate (MCOP) (2011 - 2012),A 11-12,URXCOP,PHTHTE_G,5,URDCOPLC,,
Urinary Mono-methyl phthalate (MMP) (2001 - 2010),A 01-02,URXMNM,PHPYPA_B,Hand Picked,FALSE,,
Urinary Mono-methyl phthalate (MMP) (2001 - 2010),A 03-04,URXMNM,L24PH_C,5,URDMNMLC,,
Urinary Mono-methyl phthalate (MMP) (2001 - 2010),A 05-06,URXMNM,PHTHTE_D,4,URDMNMLC,,
Urinary Mono-methyl phthalate (MMP) (2001 - 2010),A 07-08,URXMNM,PHTHTE_E,4,URDMNMLC,,
Urinary Mono-methyl phthalate (MMP) (2001 - 2010),A 09-10,URXMNM,PHTHTE_F,5,URDMNMLC,,
Urinary Mono-methyl phthalate (MMP) (2011 - 2012),A 11-12,URXMNM,PHTHTE_G,5,URDMNMLC,,
Urinary Mono-(3-carboxypropyl) phthalate (MCPP) (2001 - 2010),A 01-02,URXMC1,PHPYPA_B,Hand Picked,FALSE,,
Urinary Mono-(3-carboxypropyl) phthalate (MCPP) (2001 - 2010),A 03-04,URXMC1,L24PH_C,5,URDMC1LC,,
Urinary Mono-(3-carboxypropyl) phthalate (MCPP) (2001 - 2010),A 05-06,URXMC1,PHTHTE_D,5,URDMC1LC,,
Urinary Mono-(3-carboxypropyl) phthalate (MCPP) (2001 - 2010),A 07-08,URXMC1,PHTHTE_E,5,URDMC1LC,,
Urinary Mono-(3-carboxypropyl) phthalate (MCPP) (2001 - 2010),A 09-10,URXMC1,PHTHTE_F,5,URDMC1LC,,
Urinary Mono-(3-carboxypropyl) phthalate (MCPP) (2011 - 2012),A 11-12,URXMC1,PHTHTE_G,5,URDMC1LC,,
Urinary Mono-n-octyl phthalate (MOP) (1999 - 2010),A 99-00,URXMOP,PHPYPA,Hand Picked,FALSE,,
Urinary Mono-n-octyl phthalate (MOP) (1999 - 2010),A 01-02,URXMOP,PHPYPA_B,Hand Picked,FALSE,,
Urinary Mono-n-octyl phthalate (MOP) (1999 - 2010),A 03-04,URXMOP,L24PH_C,Hand Picked,URDMOPLC,,
Urinary Mono-n-octyl phthalate (MOP) (1999 - 2010),A 05-06,URXMOP,PHTHTE_D,Hand Picked,URDMOPLC,,
Urinary Mono-n-octyl phthalate (MOP) (1999 - 2010),A 07-08,URXMOP,PHTHTE_E,Hand Picked,URDMOPLC,,
Urinary Mono-n-octyl phthalate (MOP) (1999 - 2010),A 09-10,URXMOP,PHTHTE_F,Hand Picked,URDMOPLC,,
"Urinary Cyclohexane-1,2-dicarboxylic acid-mono(hydroxy-isononyl) ester (MHNCH) (2011 - 2012)",A 11-12,URXMHNC,PHTHTE_G,Hand Picked,URDMCHLC,,
"Urinary Cyclohexane-1,2-dicarboxylic acid-mono(hydroxy-isononyl) ester (MHNCH)",A 11-12,URXMHNC,PHTHTE_G,Hand Picked,URDMCHLC,,
Urinary Daidzein (1999 - 2010),A 99-00,URXDAZ,PHPYPA,Hand Picked,FALSE,,
Urinary Daidzein (1999 - 2010),A 01-02,URXDAZ,PHPYPA_B,Hand Picked,FALSE,,
Urinary Daidzein (1999 - 2010),A 03-04,URXDAZ,L06PHY_C,Hand Picked,FALSE,,
Urinary Daidzein (1999 - 2010),A 05-06,URXDAZ,PHYTO_D,Hand Picked,URDDAZLC,,
Urinary Daidzein (1999 - 2010),A 07-08,URXDAZ,PHYTO_E,Hand Picked,URDDAZLC,,
Urinary Daidzein (1999 - 2010),A 09-10,URXDAZ,PHYTO_F,Hand Picked,URDDAZLC,,
Urinary Enterodiol (1999 - 2010),A 99-00,URXETD,PHPYPA,Hand Picked,FALSE,,
Urinary Enterodiol (1999 - 2010),A 01-02,URXETD,PHPYPA_B,Hand Picked,FALSE,,
Urinary Enterodiol (1999 - 2010),A 03-04,URXETD,L06PHY_C,Hand Picked,FALSE,,
Urinary Enterodiol (1999 - 2010),A 05-06,URXETD,PHYTO_D,Hand Picked,URDETDLC,,
Urinary Enterodiol (1999 - 2010),A 07-08,URXETD,PHYTO_E,Hand Picked,URDETDLC,,
Urinary Enterodiol (1999 - 2010),A 09-10,URXETD,PHYTO_F,Hand Picked,URDETDLC,,
Urinary Enterolactone (1999 - 2010),A 99-00,URXETL,PHPYPA,Hand Picked,FALSE,,
Urinary Enterolactone (1999 - 2010),A 01-02,URXETL,PHPYPA_B,Hand Picked,FALSE,,
Urinary Enterolactone (1999 - 2010),A 03-04,URXETL,L06PHY_C,Hand Picked,FALSE,,
Urinary Enterolactone (1999 - 2010),A 05-06,URXETL,PHYTO_D,Hand Picked,URDETLLC,,
Urinary Enterolactone (1999 - 2010),A 07-08,URXETL,PHYTO_E,Hand Picked,URDETLLC,,
Urinary Enterolactone (1999 - 2010),A 09-10,URXETL,PHYTO_F,Hand Picked,URDETLLC,,
Urinary Equol (1999 - 2010),A 99-00,URXEQU,PHPYPA,Hand Picked,FALSE,,
Urinary Equol (1999 - 2010),A 01-02,URXEQU,PHPYPA_B,Hand Picked,FALSE,,
Urinary Equol (1999 - 2010),A 03-04,URXEQU,L06PHY_C,Hand Picked,FALSE,,
Urinary Equol (1999 - 2010),A 05-06,URXEQU,PHYTO_D,Hand Picked,URDEQULC,,
Urinary Equol (1999 - 2010),A 07-08,URXEQU,PHYTO_E,Hand Picked,URDEQULC,,
Urinary Equol (1999 - 2010),A 09-10,URXEQU,PHYTO_F,Hand Picked,URDEQULC,,
Urinary Genistein (1999 - 2010),A 99-00,URXGNS,PHPYPA,Hand Picked,FALSE,,
Urinary Genistein (1999 - 2010),A 01-02,URXGNS,PHPYPA_B,Hand Picked,FALSE,,
Urinary Genistein (1999 - 2010),A 03-04,URXGNS,L06PHY_C,Hand Picked,FALSE,,
Urinary Genistein (1999 - 2010),A 05-06,URXGNS,PHYTO_D,Hand Picked,URDGNSLC,,
Urinary Genistein (1999 - 2010),A 07-08,URXGNS,PHYTO_E,Hand Picked,URDGNSLC,,
Urinary Genistein (1999 - 2010),A 09-10,URXGNS,PHYTO_F,Hand Picked,URDGNSLC,,
Urinary O-Desmethylangolensin (1999 - 2010),A 99-00,URXDMA,PHPYPA,Hand Picked,FALSE,,
Urinary O-Desmethylangolensin (1999 - 2010),A 01-02,URXDMA,PHPYPA_B,Hand Picked,FALSE,,
Urinary O-Desmethylangolensin (1999 - 2010),A 03-04,URXDMA,L06PHY_C,Hand Picked,FALSE,,
Urinary O-Desmethylangolensin (1999 - 2010),A 05-06,URXDMA,PHYTO_D,Hand Picked,URDDMALC,,
Urinary O-Desmethylangolensin (1999 - 2010),A 07-08,URXDMA,PHYTO_E,Hand Picked,URDDMALC,,
Urinary O-Desmethylangolensin (1999 - 2010),A 09-10,URXDMA,PHYTO_F,Hand Picked,URDDMALC,,
Urinary 2-Hydroxyfluorene (2003 - 2008),A 03-04,URXP04,L31PAH_C,5,URDP04LC,,
Urinary 2-Hydroxyfluorene (2003 - 2008),A 05-06,URXP04,PAH_D,5,URDP04LC,,
Urinary 2-Hydroxyfluorene (2003 - 2008),A 07-08,URXP04,PAH_E,Hand Picked,URDP04LC,,
Urinary 2-Hydroxyfluorene (2011 - 2012),A 11-12,URXP04,PAH_G,5,URDP04LC,,
Urinary 3-Hydroxyfluorene (2001 - 2008),A 01-02,URXP03,PHPYPA_B,Hand Picked,FALSE,,
Urinary 3-Hydroxyfluorene (2001 - 2008),A 03-04,URXP03,L31PAH_C,5,URDP03LC,,
Urinary 3-Hydroxyfluorene (2001 - 2008),A 05-06,URXP03,PAH_D,5,URDP03LC,,
Urinary 3-Hydroxyfluorene (2001 - 2008),A 07-08,URXP03,PAH_E,5,URDP03LC,,
Urinary 3-Hydroxyfluorene (2011 - 2012),A 11-12,URXP03,PAH_G,5,URDP03LC,,
Urinary 9-Hydroxyfluorene (2003 - 2008),A 03-04,URXP17,L31PAH_C,5,URDP17LC,,
Urinary 9-Hydroxyfluorene (2003 - 2008),A 05-06,URXP17,PAH_D,5,URDP17LC,,
Urinary 9-Hydroxyfluorene (2003 - 2008),A 07-08,URXP17,PAH_E,5,URDP17LC,,
Urinary 9-Hydroxyfluorene (2011 - 2012),A 11-12,URXP17,PAH_G,5,URDP17LC,,
Urinary 1-Hydroxyphenanthrene (2001 - 2008),A 01-02,URXP06,PHPYPA_B,Hand Picked,FALSE,,
Urinary 1-Hydroxyphenanthrene (2001 - 2008),A 03-04,URXP06,L31PAH_C,5,URDP06LC,,
Urinary 1-Hydroxyphenanthrene (2001 - 2008),A 05-06,URXP06,PAH_D,5,URDP06LC,,
Urinary 1-Hydroxyphenanthrene (2001 - 2008),A 07-08,URXP06,PAH_E,5,URDP06LC,,
Urinary 1-Hydroxyphenanthrene (2011 - 2012),A 11-12,URXP06,PAH_G,5,URDP06LC,,
Urinary 2-Hydroxyphenanthrene (2001 - 2008),A 01-02,URXP07,PHPYPA_B,Hand Picked,FALSE,,
Urinary 2-Hydroxyphenanthrene (2001 - 2008),A 03-04,URXP07,L31PAH_C,5,URDP07LC,,
Urinary 2-Hydroxyphenanthrene (2001 - 2008),A 05-06,URXP07,PAH_D,5,URDP07LC,,
Urinary 2-Hydroxyphenanthrene (2001 - 2008),A 07-08,URXP07,PAH_E,5,URDP07LC,,
Urinary 2-Hydroxyphenanthrene (2011 - 2012),A 11-12,URXP07,PAH_G,5,URDP07LC,,
Urinary 3-Hydroxyphenanthrene (2001 - 2008),A 01-02,URXP05,PHPYPA_B,Hand Picked,FALSE,,
Urinary 3-Hydroxyphenanthrene (2001 - 2008),A 03-04,URXP05,L31PAH_C,5,URDP05LC,,
Urinary 3-Hydroxyphenanthrene (2001 - 2008),A 05-06,URXP05,PAH_D,5,URDP05LC,,
Urinary 3-Hydroxyphenanthrene (2001 - 2008),A 07-08,URXP05,PAH_E,5,URDP05LC,,
Urinary 3-Hydroxyphenanthrene (2011 - 2012),A 11-12,URXP05,PAH_G,5,URDP05LC,,
Urinary 4-Hydroxyphenanthrene (2003 - 2006),A 03-04,URXP19,L31PAH_C,5,URDP19LC,,
Urinary 4-Hydroxyphenanthrene (2003 - 2006),A 05-06,URXP19,PAH_D,5,URDP19LC,,
Urinary 4-Hydroxyphenanthrene (2011 - 2012),A 11-12,URXP19,PAH_G,5,URDP19LC,,
Urinary 1-Hydroxypyrene (2003 - 2008),A 03-04,URXP10,L31PAH_C,5,URDP10LC,,
Urinary 1-Hydroxypyrene (2003 - 2008),A 05-06,URXP10,PAH_D,5,URDP10LC,,
Urinary 1-Hydroxypyrene (2003 - 2008),A 07-08,URXP10,PAH_E,5,URDP10LC,,
Urinary 1-Hydroxypyrene (2011 - 2012),A 11-12,URXP10,PAH_G,5,URDP10LC,,
Urinary 1-Hydroxynaphthalene (1-Naphthol) (2003 - 2008),A 03-04,URXP01,L31PAH_C,Hand Picked,URDP01LC,,
Urinary 1-Hydroxynaphthalene (1-Naphthol) (2003 - 2008),A 05-06,URXP01,PAH_D,Hand Picked,URDP01LC,,
Urinary 1-Hydroxynaphthalene (1-Naphthol) (2003 - 2008),A 07-08,URXP01,PAH_E,Hand Picked,URDP01LC,,
Urinary 1-Hydroxynapthalene (1-Naphthol) (2011 - 2012),A 11-12,URXP01,PAH_G,Hand Picked,URDP01LC,,
Urinary 2-Hydroxynaphthalene (2-Naphthol) (2001 - 2008),A 01-02,URXP02,PHPYPA_B,Hand Picked,FALSE,,
Urinary 2-Hydroxynaphthalene (2-Naphthol) (2001 - 2008),A 03-04,URXP02,L31PAH_C,Hand Picked,URDP02LC,,
Urinary 2-Hydroxynaphthalene (2-Naphthol) (2001 - 2008),A 05-06,URXP02,PAH_D,Hand Picked,URDP02LC,,
Urinary 2-Hydroxynaphthalene (2-Naphthol) (2001 - 2008),A 07-08,URXP02,PAH_E,Hand Picked,URDP02LC,,
Urinary 2-Hydroxynapthalene (2-Naphthol) (2011 - 2012),A 11-12,URXP02,PAH_G,Hand Picked,URDP02LC,,
"Blood 1,1,1-Trichloroethane (Methyl chloroform) (2003 - 2006)",A 03-04,LBXV3A,L04VOC_C,Hand Picked,LBDV3ALC,,
"Blood 1,1,1-Trichloroethane (Methyl chloroform) (2003 - 2006)",A 05-06,LBXVTE,VOCWB_D,Hand Picked,LBDVTELC,,
"Blood 1,1,2,2-Tetrachloroethane (2003 - 2006)",A 03-04,LBXV4T,L04VOC_C,Hand Picked,LBDV4TLC,,
"Blood 1,1,2,2-Tetrachloroethane (2003 - 2006)",A 05-06,LBXV4E,VOCWB_D,Hand Picked,LBDV4ELC,,
"Blood 1,1,2-Trichloroethane (2003 - 2006)",A 03-04,LBXV4A,L04VOC_C,Hand Picked,LBDV4ALC,,
"Blood 1,1,2-Trichloroethane (2003 - 2006)",A 05-06,LBXV2E,VOCWB_D,Hand Picked,LBDV2ELC,,
"Blood 1,1-Dichloroethane (2003 - 2006)",A 03-04,LBXV1A,L04VOC_C,Hand Picked,LBDV1ALC,,
"Blood 1,1-Dichloroethane (2003 - 2006)",A 05-06,LBXV1A,VOCWB_D,Hand Picked,LBDV1ALC,,
"Blood 1,1-Dichloroethene (Vinylidene chloride) (2003 - 2006)",A 03-04,LBXV1E,L04VOC_C,Hand Picked,LBDV1ELC,,
"Blood 1,1-Dichloroethene (Vinylidene chloride) (2003 - 2006)",A 05-06,LBXV1E,VOCWB_D,Hand Picked,LBDV1ELC,,
"Blood 1,2-Dibromo-3-chloropropane (DBCP) (2003 - 2006)",A 03-04,LBXV2P,L04VOC_C,Hand Picked,LBDV2PLC,,
"Blood 1,2-Dibromo-3-chloropropane (DBCP) (2003 - 2006)",A 05-06,LBXV2P,VOCWB_D,Hand Picked,LBDV2PLC,,
"Blood 1,2-Dichlorobenzene (o-Dichlorobenzene) (2003 - 2006)",A 03-04,LBXV1D,L04VOC_C,Hand Picked,LBDV1DLC,,
"Blood 1,2-Dichlorobenzene (o-Dichlorobenzene) (2003 - 2006)",A 05-06,LBXV1D,VOCWB_D,Hand Picked,LBDV1DLC,,
"Blood 1,2-Dichloroethane (Ethylene dichloride) (2003 - 2006)",A 03-04,LBXV2A,L04VOC_C,Hand Picked,LBDV2ALC,,
"Blood 1,2-Dichloroethane (Ethylene dichloride) (2003 - 2006)",A 05-06,LBXV2A,VOCWB_D,Hand Picked,LBDV2ALC,,
"Blood cis-1,2-Dichloroethene (2003 - 2006)",A 03-04,LBXV2C,L04VOC_C,Hand Picked,LBDV2CLC,,
"Blood cis-1,2-Dichloroethene (2003 - 2006)",A 05-06,LBXV2C,VOCWB_D,Hand Picked,LBDV2CLC,,
"Blood trans-1,2-Dichloroethene (2003 - 2006)",A 03-04,LBXV2T,L04VOC_C,Hand Picked,LBDV2TLC,,
"Blood trans-1,2-Dichloroethene (2003 - 2006)",A 05-06,LBXV2T,VOCWB_D,Hand Picked,LBDV2TLC,,
"Blood 1,2-Dichloropropane (2003 - 2006)",A 03-04,LBXVDP,L04VOC_C,Hand Picked,LBDVDPLC,,
"Blood 1,2-Dichloropropane (2003 - 2006)",A 05-06,LBXVDP,VOCWB_D,Hand Picked,LBDVDPLC,,
"Blood 1,3-Dichlorobenzene (m-Dichlorobenzene) (2003 - 2006)",A 03-04,LBXV3B,L04VOC_C,Hand Picked,LBDV3BLC,,
"Blood 1,3-Dichlorobenzene (m-Dichlorobenzene) (2003 - 2006)",A 05-06,LBXV3B,VOCWB_D,Hand Picked,LBDV3BLC,,
"Blood 1,4-Dichlorobenzene (Paradichlorobenzene) (2001 - 2006)",A 01-02,LBXVDB,L04VOC_B,4,LBDVDBLC,,
"Blood 1,4-Dichlorobenzene (Paradichlorobenzene) (2001 - 2006)",A 03-04,LBXVDB,L04VOC_C,Hand Picked,LBDVDBLC,,
"Blood 1,4-Dichlorobenzene (Paradichlorobenzene) (2001 - 2006)",A 05-06,LBXVDB,VOCWB_D,5,LBDVDBLC,,
"Blood 2,5-Dimethylfuran (2003 - 2006)",A 03-04,LBX2DF,L04VOC_C,4,LBD2DFLC,,
"Blood 2,5-Dimethylfuran (2003 - 2006)",A 05-06,LBX2DF,VOCWB_D,3,LBD2DFLC,,
Blood Benzene (2001 - 2006),A 01-02,LBXVBZ,L04VOC_B,Hand Picked,LBDVBZLC,,
Blood Benzene (2001 - 2006),A 03-04,LBXVBZ,L04VOC_C,5,LBDVBZLC,,
Blood Benzene (2001 - 2006),A 05-06,LBXVBZ,VOCWB_D,5,LBDVBZLC,,
Blood Chlorobenzene (Monochlorobenzene) (2003 - 2006),A 03-04,LBXVCB,L04VOC_C,Hand Picked,LBDVCBLC,,
Blood Chlorobenzene (Monochlorobenzene) (2003 - 2006),A 05-06,LBXVCB,VOCWB_D,Hand Picked,LBDVCBLC,,
Blood Dibromomethane (2003 - 2006),A 03-04,LBXVDM,L04VOC_C,Hand Picked,LBDVDMLC,,
Blood Dibromomethane (2003 - 2006),A 05-06,LBXVDM,VOCWB_D,Hand Picked,LBDVDMLC,,
Blood Dichloromethane (Methylene chloride) (2003 - 2006),A 03-04,LBXVMC,L04VOC_C,Hand Picked,LBDVMCLC,,
Blood Dichloromethane (Methylene chloride) (2003 - 2006),A 05-06,LBXVMC,VOCWB_D,Hand Picked,LBDVMCLC,,
Blood Ethylbenzene (2001 - 2006),A 01-02,LBXVEB,L04VOC_B,5,LBDVEBLC,,
Blood Ethylbenzene (2001 - 2006),A 03-04,LBXVEB,L04VOC_C,5,LBDVEBLC,,
Blood Ethylbenzene (2001 - 2006),A 05-06,LBXVEB,VOCWB_D,5,LBDVEBLC,,
Blood Hexachloroethane (2003 - 2006),A 03-04,LBXVHE,L04VOC_C,Hand Picked,LBDVHELC,,
Blood Hexachloroethane (2003 - 2006),A 05-06,LBXVHE,VOCWB_D,Hand Picked,LBDVHELC,,
Blood Methyl-tert-butyl ether (MTBE) (2001 - 2006),A 01-02,LBXVME,L04VOC_B,5,LBDVMELC,,
Blood Methyl-tert-butyl ether (MTBE) (2001 - 2006),A 03-04,LBXVME,L04VOC_C,5,LBDVMELC,,
Blood Methyl-tert-butyl ether (MTBE) (2001 - 2006),A 05-06,LBXVME,VOCWB_D,5,LBDVMELC,,
Blood Nitrobenzene (2003 - 2006),A 03-04,LBXVNB,L04VOC_C,Hand Picked,LBDVNBLC,,
Blood Nitrobenzene (2003 - 2006),A 05-06,LBXVNB,VOCWB_D,Hand Picked,LBDVNBLC,,
Blood Styrene (2001 - 2006),A 01-02,LBXVST,L04VOC_B,4,LBDVSTLC,,
Blood Styrene (2001 - 2006),A 03-04,LBXVST,L04VOC_C,4,LBDVSTLC,,
Blood Styrene (2001 - 2006),A 05-06,LBXVST,VOCWB_D,4,LBDVSTLC,,
Blood Tetrachloroethene (Perchloroethylene) (2001 - 2006),A 01-02,LBXV4C,L04VOC_B,4,LBDV4CLC,,
Blood Tetrachloroethene (Perchloroethylene) (2001 - 2006),A 03-04,LBXV4C,L04VOC_C,3,LBDV4CLC,,
Blood Tetrachloroethene (Perchloroethylene) (2001 - 2006),A 05-06,LBXV4C,VOCWB_D,3,LBDV4CLC,,
Blood Tetrachloromethane (Carbon tetrachloride) (2001 - 2006),A 01-02,LBXVCT,L04VOC_B,Hand Picked,LBDVCTLC,,
Blood Tetrachloromethane (Carbon tetrachloride) (2001 - 2006),A 03-04,LBXVCT,L04VOC_C,Hand Picked,LBDVCTLC,,
Blood Tetrachloromethane (Carbon tetrachloride) (2001 - 2006),A 05-06,LBXVCT,VOCWB_D,Hand Picked,LBDVCTLC,,
Blood Toluene (2001 - 2006),A 01-02,LBXVTO,L04VOC_B,5,LBDVTOLC,,
Blood Toluene (2001 - 2006),A 03-04,LBXVTO,L04VOC_C,5,LBDVTOLC,,
Blood Toluene (2001 - 2006),A 05-06,LBXVTO,VOCWB_D,5,LBDVTOLC,,
Blood Trichloroethene (Trichloroethylene) (2001 - 2006),A 01-02,LBXVTC,L04VOC_B,Hand Picked,LBDVTCLC,,
Blood Trichloroethene (Trichloroethylene) (2001 - 2006),A 03-04,LBXVTC,L04VOC_C,Hand Picked,LBDVTCLC,,
Blood Trichloroethene (Trichloroethylene) (2001 - 2006),A 05-06,LBXVTC,VOCWB_D,Hand Picked,LBDVTCLC,,
Blood m- and p-Xylene (2001 - 2006),A 01-02,LBXVXY,L04VOC_B,5,LBDVXYLC,,
Blood m- and p-Xylene (2001 - 2006),A 03-04,LBXVXY,L04VOC_C,5,LBDVXYLC,,
Blood m- and p-Xylene (2001 - 2006),A 05-06,LBXVXY,VOCWB_D,5,LBDVXYLC,,
Blood o-Xylene (2001 - 2006),A 01-02,LBXVOX,L04VOC_B,4,LBDVOXLC,,
Blood o-Xylene (2001 - 2006),A 03-04,LBXVOX,L04VOC_C,4,LBDVOXLC,,
Blood o-Xylene (2001 - 2006),A 05-06,LBXVOX,VOCWB_D,5,LBDVOXLC,,
Urinary N-Acetyl-S-(benzyl)-L-cysteine (2005 - 2006),A 05-06,SSEBMA,SSUVOC_D,Hand Picked,SSDBMALC,,
Urinary N-Acetyl-S-(benzyl)-L-cysteine (2011 - 2012),A 11-12,URXBMA,UVOC_G,5,URDBMALC,,
Urinary N-Acetyl-S-(2-carbamoyl-2-hydroxyethyl)-L-cysteine (2005 - 2006),A 05-06,SSEGAM,SSUVOC_D,Hand Picked,SSDGAMLC,,
Urinary N-Acetyl-S-(2-carbamoyl-2-hydroxyethyl)-L-cysteine (2011 - 2012),A 11-12,URXGAM,UVOC_G,5,URDGAMLC,,
Urinary N-Acetyl-S-(2-carbamoylethyl)-L-cysteine (2005 - 2006),A 05-06,SSEAAM,SSUVOC_D,Hand Picked,SSDAAMLC,,
Urinary N-Acetyl-S-(2-carbamoylethyl)-L-cysteine (2011 - 2012),A 11-12,URXAAM,UVOC_G,5,URDAAMLC,,
Urinary N-Acetyl-S-(2-carboxyethyl)-L-cysteine (2005 - 2006),A 05-06,SSECEM,SSUVOC_D,Hand Picked,SSDCEMLC,,
Urinary N-Acetyl-S-(2-carboxyethyl)-L-cysteine (2011 - 2012),A 11-12,URXCEM,UVOC_G,5,URDCEMLC,,
Urinary N-Acetyl-S-(3-hydroxypropyl)-L-cysteine (2005 - 2006),A 05-06,SSEHPM,SSUVOC_D,Hand Picked,SSDHPMLC,,
Urinary N-Acetyl-S-(3-hydroxypropyl)-L-cysteine (2011 - 2012),A 11-12,URXHPM,UVOC_G,5,URDHPMLC,,
Urinary N-Acetyl-S-(2-cyanoethyl)-L-cysteine (2005 - 2006),A 05-06,SSECYM,SSUVOC_D,Hand Picked,SSDCYMLC,,
Urinary N-Acetyl-S-(2-cyanoethyl)-L-cysteine (2011 - 2012),A 11-12,URXCYM,UVOC_G,5,URDCYMLC,,
"Urinary N-Acetyl-S-(1,2-dichlorovinyl)-L-cysteine (2005 - 2006)",A 05-06,SSE1DC,SSUVOC_D,Hand Picked,SSD1DCLC,,
"Urinary N-Acetyl-S-(1,2-dichlorovinyl)-L-cysteine (2011 - 2012)",A 11-12,URX1DC,UVOC_G,Hand Picked,URD1DCLC,,
"Urinary N-Acetyl-S-(2,2-dichlorovinyl)-L-cysteine (2005 - 2006)",A 05-06,SSE2DC,SSUVOC_D,Hand Picked,SSD2DCLC,,
"Urinary N-Acetyl-S-(2,2-dichlorovinyl)-L-cysteine (2011 - 2012)",A 11-12,URX2DC,UVOC_G,Hand Picked,URD2DCLC,,
Urinary N-Acetyl-S-(dimethylphenyl)-L-cysteine (2005 - 2006),A 05-06,SSEDPM,SSUVOC_D,Hand Picked,SSDDPMLC,,
Urinary N-Acetyl-S-(dimethylphenyl)-L-cysteine (2011 - 2012),A 11-12,URXDPM,UVOC_G,Hand Picked,URDDPMLC,,
Urinary N-Acetyl-S-(N-methylcarbamoyl)-L-cysteine (2005 - 2006),A 05-06,SSEAMC,SSUVOC_D,Hand Picked,SSDAMCLC,,
Urinary N-Acetyl-S-(N-methylcarbamoyl)-L-cysteine (2011 - 2012),A 11-12,URXAMC,UVOC_G,5,URDAMCLC,,
"Urinary N-Acetyl-S-(3,4-dihydroxybutyl)-L-cysteine (2005 - 2006)",A 05-06,SSEDHB,SSUVOC_D,Hand Picked,SSDDHBLC,,
"Urinary N-Acetyl-S-(3,4-dihydroxybutyl)-L-cysteine (2011 - 2012)",A 11-12,URXDHB,UVOC_G,5,URDDHBLC,,
Urinary N-Acetyl-S-(2-hydroxy-3-butenyl)-L-cysteine (2005 - 2006),A 05-06,SSEMB2,SSUVOC_D,Hand Picked,SSDMB2LC,,
Urinary N-Acetyl-S-(2-hydroxy-3-butenyl)-L-cysteine (2011 - 2012),A 11-12,URXMB2,UVOC_G,3,URDMB2LC,,
Urinary N-Acetyl-S-(4-hydroxy-2-butenyl)-L-cysteine (2005 - 2006),A 05-06,SSEMB3,SSUVOC_D,Hand Picked,SSDMB3LC,,
Urinary N-Acetyl-S-(4-hydroxy-2-butenyl)-L-cysteine (2011 - 2012),A 11-12,URXMB3,UVOC_G,5,URDMB3LC,,
Urinary N-Acetyl-S-(1-hydroxymethyl-2-propenyl)-L-cysteine (2005 - 2006),A 05-06,SSEMB1,SSUVOC_D,Hand Picked,SSDMB1LC,,
Urinary N-Acetyl-S-(1-hydroxymethyl-2-propenyl)-L-cysteine (2011 - 2012),A 11-12,URXMB1,UVOC_G,Hand Picked,URDMB1LC,,
Urinary N-Acetyl-S-(2-hydroxyethyl)-L-cysteine (2005 - 2006),A 05-06,SSEHEM,SSUVOC_D,Hand Picked,SSDHEMLC,,
Urinary N-Acetyl-S-(2-hydroxyethyl)-L-cysteine (2011 - 2012),A 11-12,URXHEM,UVOC_G,5,URDHEMLC,,
Urinary N-Acetyl-S-(2-hydroxypropyl)-L-cysteine (2005 - 2006),A 05-06,SSEHP2,SSUVOC_D,Hand Picked,SSDHP2LC,,
Urinary N-Acetyl-S-(2-hydroxypropyl)-L-cysteine (2011 - 2012),A 11-12,URXHP2,UVOC_G,5,URDHP2LC,,
Urinary N-Acetyl-S-(3-hydroxypropyl-1-methyl)-L-cysteine (2005 - 2006),A 05-06,SSEPMM,SSUVOC_D,Hand Picked,SSDPMMLC,,
Urinary N-Acetyl-S-(3-hydroxypropyl-1-methyl)-L-cysteine (2011 - 2012),A 11-12,URXPMM,UVOC_G,5,URDPMMLC,,
Urinary N-Acetyl-S-(phenyl)-L-cysteine (2005 - 2006),A 05-06,SSEPMA,SSUVOC_D,Hand Picked,SSDPMALC,,
Urinary N-Acetyl-S-(phenyl)-L-cysteine (2011 - 2012),A 11-12,URXPMA,UVOC_G,4,URDPMALC,,
"Urinary t,t-Muconic acid (2005 - 2006)",A 05-06,SSEMUC,SSUVOC_D,Hand Picked,SSDMUCLC,,
"Urinary t,t-Muconic acid (2011 - 2012)",A 11-12,URXMUC,UVOC_G,5,URDMUCLC,,
Urinary N-Acetyl-S-(phenyl-2-hydroxyethyl)-L-cysteine**,A 05-06,SSEPHE,SSUVOC_D,Hand Picked,SSDPHELC,,
Urinary N-Acetyl-S-(phenyl-2-hydroxyethyl)-L-cysteine** (2011 - 2012),A 11-12,URXPHE,UVOC_G,4,URDPHELC,,
Urinary N-Acetyl-S-(n-propyl)-L-cysteine (2005 - 2006),A 05-06,SSEBPM,SSUVOC_D,Hand Picked,SSDBPMLC,,
Urinary N-Acetyl-S-(n-propyl)-L-cysteine (2011 - 2012),A 11-12,URXBPM,UVOC_G,5,URDBPMLC,,
Urinary N-Acetyl-S-(trichlorovinyl)-L-cysteine (2005 - 2006),A 05-06,SSETCV,SSUVOC_D,Hand Picked,SSDTCVLC,,
Urinary N-Acetyl-S-(trichlorovinyl)-L-cysteine (2011 - 2012),A 11-12,URXTCV,UVOC_G,Hand Picked,URDTCVLC,,
Urinary 2-Aminothiazoline-4-carboxylic acid (2005 - 2006),A 05-06,SSEATC,SSUVOC_D,Hand Picked,SSDATCLC,,
Urinary 2-Aminothiazoline-4-carboxylic acid (2011 - 2012),A 11-12,URXATC,UVOC_G,5,URDATCLC,,
Urinary Mandelic acid (2005 - 2006),A 05-06,SSEMAD,SSUVOC_D,Hand Picked,SSDMADLC,,
Urinary Mandelic acid (2011 - 2012),A 11-12,URXMAD,UVOC_G,5,URDMADLC,,
Urinary 2-Methylhippuric acid (2005 - 2006),A 05-06,SSE2MH,SSUVOC_D,Hand Picked,SSD2MHLC,,
Urinary 2-Methylhippuric acid (2011 - 2012),A 11-12,URX2MH,UVOC_G,5,URD2MHLC,,
Urinary 3-and 4-Methylhippuric acid (2005 - 2006),A 05-06,SSE34M,SSUVOC_D,Hand Picked,SSD34MLC,,
Urinary 3-and 4-Methylhippuric acid (2011 - 2012),A 11-12,URX34M,UVOC_G,5,URD34MLC,,
Urinary Phenylglyoxylic acid (2005 - 2006),A 05-06,SSEPHG,SSUVOC_D,Hand Picked,SSDPHGLC,,
Urinary Phenylglyoxylic acid (2011 - 2012),A 11-12,URXPHG,UVOC_G,5,URDPHGLC,,
Urinary 2-Thioxothiazolidine-4-carboxylic acid (2005 - 2006),A 05-06,SSETTC,SSUVOC_D,Hand Picked,SSDTTCLC,,
Urinary 2-Thioxothiazolidine-4-carboxylic acid (2011 - 2012),A 11-12,URXTTC,UVOC_G,5,URDTTCLC,,
